grid_id,name,coordinates
340,C0:0,"POLYGON((40.769274, -73.885077)(40.769274, -73.8819536)(40.76612923529412, -73.8819536)(40.76612923529412, -73.885077)(40.769274, -73.885077))"
340,C0:1,"POLYGON((40.769274, -73.8819536)(40.769274, -73.8788302)(40.76612923529412, -73.8788302)(40.76612923529412, -73.8819536)(40.769274, -73.8819536))"
340,C0:2,"POLYGON((40.769274, -73.8788302)(40.769274, -73.87570679999999)(40.76612923529412, -73.87570679999999)(40.76612923529412, -73.8788302)(40.769274, -73.8788302))"
340,C0:3,"POLYGON((40.769274, -73.87570679999999)(40.769274, -73.8725834)(40.76612923529412, -73.8725834)(40.76612923529412, -73.87570679999999)(40.769274, -73.87570679999999))"
340,C0:4,"POLYGON((40.769274, -73.8725834)(40.769274, -73.86946)(40.76612923529412, -73.86946)(40.76612923529412, -73.8725834)(40.769274, -73.8725834))"
340,C0:5,"POLYGON((40.769274, -73.86946)(40.769274, -73.8663366)(40.76612923529412, -73.8663366)(40.76612923529412, -73.86946)(40.769274, -73.86946))"
340,C0:6,"POLYGON((40.769274, -73.8663366)(40.769274, -73.86321319999999)(40.76612923529412, -73.86321319999999)(40.76612923529412, -73.8663366)(40.769274, -73.8663366))"
340,C0:7,"POLYGON((40.769274, -73.86321319999999)(40.769274, -73.8600898)(40.76612923529412, -73.8600898)(40.76612923529412, -73.86321319999999)(40.769274, -73.86321319999999))"
340,C0:8,"POLYGON((40.769274, -73.8600898)(40.769274, -73.8569664)(40.76612923529412, -73.8569664)(40.76612923529412, -73.8600898)(40.769274, -73.8600898))"
340,C0:9,"POLYGON((40.769274, -73.8569664)(40.769274, -73.853843)(40.76612923529412, -73.853843)(40.76612923529412, -73.8569664)(40.769274, -73.8569664))"
340,C0:10,"POLYGON((40.769274, -73.853843)(40.769274, -73.85071959999999)(40.76612923529412, -73.85071959999999)(40.76612923529412, -73.853843)(40.769274, -73.853843))"
340,C0:11,"POLYGON((40.769274, -73.85071959999999)(40.769274, -73.8475962)(40.76612923529412, -73.8475962)(40.76612923529412, -73.85071959999999)(40.769274, -73.85071959999999))"
340,C0:12,"POLYGON((40.769274, -73.8475962)(40.769274, -73.8444728)(40.76612923529412, -73.8444728)(40.76612923529412, -73.8475962)(40.769274, -73.8475962))"
340,C0:13,"POLYGON((40.769274, -73.8444728)(40.769274, -73.8413494)(40.76612923529412, -73.8413494)(40.76612923529412, -73.8444728)(40.769274, -73.8444728))"
340,C0:14,"POLYGON((40.769274, -73.8413494)(40.769274, -73.83822599999999)(40.76612923529412, -73.83822599999999)(40.76612923529412, -73.8413494)(40.769274, -73.8413494))"
340,C0:15,"POLYGON((40.769274, -73.83822599999999)(40.769274, -73.8351026)(40.76612923529412, -73.8351026)(40.76612923529412, -73.83822599999999)(40.769274, -73.83822599999999))"
340,C0:16,"POLYGON((40.769274, -73.8351026)(40.769274, -73.8319792)(40.76612923529412, -73.8319792)(40.76612923529412, -73.8351026)(40.769274, -73.8351026))"
340,C0:17,"POLYGON((40.769274, -73.8319792)(40.769274, -73.8288558)(40.76612923529412, -73.8288558)(40.76612923529412, -73.8319792)(40.769274, -73.8319792))"
340,C0:18,"POLYGON((40.769274, -73.8288558)(40.769274, -73.82573239999999)(40.76612923529412, -73.82573239999999)(40.76612923529412, -73.8288558)(40.769274, -73.8288558))"
340,C0:19,"POLYGON((40.769274, -73.82573239999999)(40.769274, -73.822609)(40.76612923529412, -73.822609)(40.76612923529412, -73.82573239999999)(40.769274, -73.82573239999999))"
340,C1:0,"POLYGON((40.76612923529412, -73.885077)(40.76612923529412, -73.8819536)(40.762984470588236, -73.8819536)(40.762984470588236, -73.885077)(40.76612923529412, -73.885077))"
340,C1:1,"POLYGON((40.76612923529412, -73.8819536)(40.76612923529412, -73.8788302)(40.762984470588236, -73.8788302)(40.762984470588236, -73.8819536)(40.76612923529412, -73.8819536))"
340,C1:2,"POLYGON((40.76612923529412, -73.8788302)(40.76612923529412, -73.87570679999999)(40.762984470588236, -73.87570679999999)(40.762984470588236, -73.8788302)(40.76612923529412, -73.8788302))"
340,C1:3,"POLYGON((40.76612923529412, -73.87570679999999)(40.76612923529412, -73.8725834)(40.762984470588236, -73.8725834)(40.762984470588236, -73.87570679999999)(40.76612923529412, -73.87570679999999))"
340,C1:4,"POLYGON((40.76612923529412, -73.8725834)(40.76612923529412, -73.86946)(40.762984470588236, -73.86946)(40.762984470588236, -73.8725834)(40.76612923529412, -73.8725834))"
340,C1:5,"POLYGON((40.76612923529412, -73.86946)(40.76612923529412, -73.8663366)(40.762984470588236, -73.8663366)(40.762984470588236, -73.86946)(40.76612923529412, -73.86946))"
340,C1:6,"POLYGON((40.76612923529412, -73.8663366)(40.76612923529412, -73.86321319999999)(40.762984470588236, -73.86321319999999)(40.762984470588236, -73.8663366)(40.76612923529412, -73.8663366))"
340,C1:7,"POLYGON((40.76612923529412, -73.86321319999999)(40.76612923529412, -73.8600898)(40.762984470588236, -73.8600898)(40.762984470588236, -73.86321319999999)(40.76612923529412, -73.86321319999999))"
340,C1:8,"POLYGON((40.76612923529412, -73.8600898)(40.76612923529412, -73.8569664)(40.762984470588236, -73.8569664)(40.762984470588236, -73.8600898)(40.76612923529412, -73.8600898))"
340,C1:9,"POLYGON((40.76612923529412, -73.8569664)(40.76612923529412, -73.853843)(40.762984470588236, -73.853843)(40.762984470588236, -73.8569664)(40.76612923529412, -73.8569664))"
340,C1:10,"POLYGON((40.76612923529412, -73.853843)(40.76612923529412, -73.85071959999999)(40.762984470588236, -73.85071959999999)(40.762984470588236, -73.853843)(40.76612923529412, -73.853843))"
340,C1:11,"POLYGON((40.76612923529412, -73.85071959999999)(40.76612923529412, -73.8475962)(40.762984470588236, -73.8475962)(40.762984470588236, -73.85071959999999)(40.76612923529412, -73.85071959999999))"
340,C1:12,"POLYGON((40.76612923529412, -73.8475962)(40.76612923529412, -73.8444728)(40.762984470588236, -73.8444728)(40.762984470588236, -73.8475962)(40.76612923529412, -73.8475962))"
340,C1:13,"POLYGON((40.76612923529412, -73.8444728)(40.76612923529412, -73.8413494)(40.762984470588236, -73.8413494)(40.762984470588236, -73.8444728)(40.76612923529412, -73.8444728))"
340,C1:14,"POLYGON((40.76612923529412, -73.8413494)(40.76612923529412, -73.83822599999999)(40.762984470588236, -73.83822599999999)(40.762984470588236, -73.8413494)(40.76612923529412, -73.8413494))"
340,C1:15,"POLYGON((40.76612923529412, -73.83822599999999)(40.76612923529412, -73.8351026)(40.762984470588236, -73.8351026)(40.762984470588236, -73.83822599999999)(40.76612923529412, -73.83822599999999))"
340,C1:16,"POLYGON((40.76612923529412, -73.8351026)(40.76612923529412, -73.8319792)(40.762984470588236, -73.8319792)(40.762984470588236, -73.8351026)(40.76612923529412, -73.8351026))"
340,C1:17,"POLYGON((40.76612923529412, -73.8319792)(40.76612923529412, -73.8288558)(40.762984470588236, -73.8288558)(40.762984470588236, -73.8319792)(40.76612923529412, -73.8319792))"
340,C1:18,"POLYGON((40.76612923529412, -73.8288558)(40.76612923529412, -73.82573239999999)(40.762984470588236, -73.82573239999999)(40.762984470588236, -73.8288558)(40.76612923529412, -73.8288558))"
340,C1:19,"POLYGON((40.76612923529412, -73.82573239999999)(40.76612923529412, -73.822609)(40.762984470588236, -73.822609)(40.762984470588236, -73.82573239999999)(40.76612923529412, -73.82573239999999))"
340,C2:0,"POLYGON((40.762984470588236, -73.885077)(40.762984470588236, -73.8819536)(40.75983970588236, -73.8819536)(40.75983970588236, -73.885077)(40.762984470588236, -73.885077))"
340,C2:1,"POLYGON((40.762984470588236, -73.8819536)(40.762984470588236, -73.8788302)(40.75983970588236, -73.8788302)(40.75983970588236, -73.8819536)(40.762984470588236, -73.8819536))"
340,C2:2,"POLYGON((40.762984470588236, -73.8788302)(40.762984470588236, -73.87570679999999)(40.75983970588236, -73.87570679999999)(40.75983970588236, -73.8788302)(40.762984470588236, -73.8788302))"
340,C2:3,"POLYGON((40.762984470588236, -73.87570679999999)(40.762984470588236, -73.8725834)(40.75983970588236, -73.8725834)(40.75983970588236, -73.87570679999999)(40.762984470588236, -73.87570679999999))"
340,C2:4,"POLYGON((40.762984470588236, -73.8725834)(40.762984470588236, -73.86946)(40.75983970588236, -73.86946)(40.75983970588236, -73.8725834)(40.762984470588236, -73.8725834))"
340,C2:5,"POLYGON((40.762984470588236, -73.86946)(40.762984470588236, -73.8663366)(40.75983970588236, -73.8663366)(40.75983970588236, -73.86946)(40.762984470588236, -73.86946))"
340,C2:6,"POLYGON((40.762984470588236, -73.8663366)(40.762984470588236, -73.86321319999999)(40.75983970588236, -73.86321319999999)(40.75983970588236, -73.8663366)(40.762984470588236, -73.8663366))"
340,C2:7,"POLYGON((40.762984470588236, -73.86321319999999)(40.762984470588236, -73.8600898)(40.75983970588236, -73.8600898)(40.75983970588236, -73.86321319999999)(40.762984470588236, -73.86321319999999))"
340,C2:8,"POLYGON((40.762984470588236, -73.8600898)(40.762984470588236, -73.8569664)(40.75983970588236, -73.8569664)(40.75983970588236, -73.8600898)(40.762984470588236, -73.8600898))"
340,C2:9,"POLYGON((40.762984470588236, -73.8569664)(40.762984470588236, -73.853843)(40.75983970588236, -73.853843)(40.75983970588236, -73.8569664)(40.762984470588236, -73.8569664))"
340,C2:10,"POLYGON((40.762984470588236, -73.853843)(40.762984470588236, -73.85071959999999)(40.75983970588236, -73.85071959999999)(40.75983970588236, -73.853843)(40.762984470588236, -73.853843))"
340,C2:11,"POLYGON((40.762984470588236, -73.85071959999999)(40.762984470588236, -73.8475962)(40.75983970588236, -73.8475962)(40.75983970588236, -73.85071959999999)(40.762984470588236, -73.85071959999999))"
340,C2:12,"POLYGON((40.762984470588236, -73.8475962)(40.762984470588236, -73.8444728)(40.75983970588236, -73.8444728)(40.75983970588236, -73.8475962)(40.762984470588236, -73.8475962))"
340,C2:13,"POLYGON((40.762984470588236, -73.8444728)(40.762984470588236, -73.8413494)(40.75983970588236, -73.8413494)(40.75983970588236, -73.8444728)(40.762984470588236, -73.8444728))"
340,C2:14,"POLYGON((40.762984470588236, -73.8413494)(40.762984470588236, -73.83822599999999)(40.75983970588236, -73.83822599999999)(40.75983970588236, -73.8413494)(40.762984470588236, -73.8413494))"
340,C2:15,"POLYGON((40.762984470588236, -73.83822599999999)(40.762984470588236, -73.8351026)(40.75983970588236, -73.8351026)(40.75983970588236, -73.83822599999999)(40.762984470588236, -73.83822599999999))"
340,C2:16,"POLYGON((40.762984470588236, -73.8351026)(40.762984470588236, -73.8319792)(40.75983970588236, -73.8319792)(40.75983970588236, -73.8351026)(40.762984470588236, -73.8351026))"
340,C2:17,"POLYGON((40.762984470588236, -73.8319792)(40.762984470588236, -73.8288558)(40.75983970588236, -73.8288558)(40.75983970588236, -73.8319792)(40.762984470588236, -73.8319792))"
340,C2:18,"POLYGON((40.762984470588236, -73.8288558)(40.762984470588236, -73.82573239999999)(40.75983970588236, -73.82573239999999)(40.75983970588236, -73.8288558)(40.762984470588236, -73.8288558))"
340,C2:19,"POLYGON((40.762984470588236, -73.82573239999999)(40.762984470588236, -73.822609)(40.75983970588236, -73.822609)(40.75983970588236, -73.82573239999999)(40.762984470588236, -73.82573239999999))"
340,C3:0,"POLYGON((40.75983970588236, -73.885077)(40.75983970588236, -73.8819536)(40.75669494117647, -73.8819536)(40.75669494117647, -73.885077)(40.75983970588236, -73.885077))"
340,C3:1,"POLYGON((40.75983970588236, -73.8819536)(40.75983970588236, -73.8788302)(40.75669494117647, -73.8788302)(40.75669494117647, -73.8819536)(40.75983970588236, -73.8819536))"
340,C3:2,"POLYGON((40.75983970588236, -73.8788302)(40.75983970588236, -73.87570679999999)(40.75669494117647, -73.87570679999999)(40.75669494117647, -73.8788302)(40.75983970588236, -73.8788302))"
340,C3:3,"POLYGON((40.75983970588236, -73.87570679999999)(40.75983970588236, -73.8725834)(40.75669494117647, -73.8725834)(40.75669494117647, -73.87570679999999)(40.75983970588236, -73.87570679999999))"
340,C3:4,"POLYGON((40.75983970588236, -73.8725834)(40.75983970588236, -73.86946)(40.75669494117647, -73.86946)(40.75669494117647, -73.8725834)(40.75983970588236, -73.8725834))"
340,C3:5,"POLYGON((40.75983970588236, -73.86946)(40.75983970588236, -73.8663366)(40.75669494117647, -73.8663366)(40.75669494117647, -73.86946)(40.75983970588236, -73.86946))"
340,C3:6,"POLYGON((40.75983970588236, -73.8663366)(40.75983970588236, -73.86321319999999)(40.75669494117647, -73.86321319999999)(40.75669494117647, -73.8663366)(40.75983970588236, -73.8663366))"
340,C3:7,"POLYGON((40.75983970588236, -73.86321319999999)(40.75983970588236, -73.8600898)(40.75669494117647, -73.8600898)(40.75669494117647, -73.86321319999999)(40.75983970588236, -73.86321319999999))"
340,C3:8,"POLYGON((40.75983970588236, -73.8600898)(40.75983970588236, -73.8569664)(40.75669494117647, -73.8569664)(40.75669494117647, -73.8600898)(40.75983970588236, -73.8600898))"
340,C3:9,"POLYGON((40.75983970588236, -73.8569664)(40.75983970588236, -73.853843)(40.75669494117647, -73.853843)(40.75669494117647, -73.8569664)(40.75983970588236, -73.8569664))"
340,C3:10,"POLYGON((40.75983970588236, -73.853843)(40.75983970588236, -73.85071959999999)(40.75669494117647, -73.85071959999999)(40.75669494117647, -73.853843)(40.75983970588236, -73.853843))"
340,C3:11,"POLYGON((40.75983970588236, -73.85071959999999)(40.75983970588236, -73.8475962)(40.75669494117647, -73.8475962)(40.75669494117647, -73.85071959999999)(40.75983970588236, -73.85071959999999))"
340,C3:12,"POLYGON((40.75983970588236, -73.8475962)(40.75983970588236, -73.8444728)(40.75669494117647, -73.8444728)(40.75669494117647, -73.8475962)(40.75983970588236, -73.8475962))"
340,C3:13,"POLYGON((40.75983970588236, -73.8444728)(40.75983970588236, -73.8413494)(40.75669494117647, -73.8413494)(40.75669494117647, -73.8444728)(40.75983970588236, -73.8444728))"
340,C3:14,"POLYGON((40.75983970588236, -73.8413494)(40.75983970588236, -73.83822599999999)(40.75669494117647, -73.83822599999999)(40.75669494117647, -73.8413494)(40.75983970588236, -73.8413494))"
340,C3:15,"POLYGON((40.75983970588236, -73.83822599999999)(40.75983970588236, -73.8351026)(40.75669494117647, -73.8351026)(40.75669494117647, -73.83822599999999)(40.75983970588236, -73.83822599999999))"
340,C3:16,"POLYGON((40.75983970588236, -73.8351026)(40.75983970588236, -73.8319792)(40.75669494117647, -73.8319792)(40.75669494117647, -73.8351026)(40.75983970588236, -73.8351026))"
340,C3:17,"POLYGON((40.75983970588236, -73.8319792)(40.75983970588236, -73.8288558)(40.75669494117647, -73.8288558)(40.75669494117647, -73.8319792)(40.75983970588236, -73.8319792))"
340,C3:18,"POLYGON((40.75983970588236, -73.8288558)(40.75983970588236, -73.82573239999999)(40.75669494117647, -73.82573239999999)(40.75669494117647, -73.8288558)(40.75983970588236, -73.8288558))"
340,C3:19,"POLYGON((40.75983970588236, -73.82573239999999)(40.75983970588236, -73.822609)(40.75669494117647, -73.822609)(40.75669494117647, -73.82573239999999)(40.75983970588236, -73.82573239999999))"
340,C4:0,"POLYGON((40.75669494117647, -73.885077)(40.75669494117647, -73.8819536)(40.75355017647059, -73.8819536)(40.75355017647059, -73.885077)(40.75669494117647, -73.885077))"
340,C4:1,"POLYGON((40.75669494117647, -73.8819536)(40.75669494117647, -73.8788302)(40.75355017647059, -73.8788302)(40.75355017647059, -73.8819536)(40.75669494117647, -73.8819536))"
340,C4:2,"POLYGON((40.75669494117647, -73.8788302)(40.75669494117647, -73.87570679999999)(40.75355017647059, -73.87570679999999)(40.75355017647059, -73.8788302)(40.75669494117647, -73.8788302))"
340,C4:3,"POLYGON((40.75669494117647, -73.87570679999999)(40.75669494117647, -73.8725834)(40.75355017647059, -73.8725834)(40.75355017647059, -73.87570679999999)(40.75669494117647, -73.87570679999999))"
340,C4:4,"POLYGON((40.75669494117647, -73.8725834)(40.75669494117647, -73.86946)(40.75355017647059, -73.86946)(40.75355017647059, -73.8725834)(40.75669494117647, -73.8725834))"
340,C4:5,"POLYGON((40.75669494117647, -73.86946)(40.75669494117647, -73.8663366)(40.75355017647059, -73.8663366)(40.75355017647059, -73.86946)(40.75669494117647, -73.86946))"
340,C4:6,"POLYGON((40.75669494117647, -73.8663366)(40.75669494117647, -73.86321319999999)(40.75355017647059, -73.86321319999999)(40.75355017647059, -73.8663366)(40.75669494117647, -73.8663366))"
340,C4:7,"POLYGON((40.75669494117647, -73.86321319999999)(40.75669494117647, -73.8600898)(40.75355017647059, -73.8600898)(40.75355017647059, -73.86321319999999)(40.75669494117647, -73.86321319999999))"
340,C4:8,"POLYGON((40.75669494117647, -73.8600898)(40.75669494117647, -73.8569664)(40.75355017647059, -73.8569664)(40.75355017647059, -73.8600898)(40.75669494117647, -73.8600898))"
340,C4:9,"POLYGON((40.75669494117647, -73.8569664)(40.75669494117647, -73.853843)(40.75355017647059, -73.853843)(40.75355017647059, -73.8569664)(40.75669494117647, -73.8569664))"
340,C4:10,"POLYGON((40.75669494117647, -73.853843)(40.75669494117647, -73.85071959999999)(40.75355017647059, -73.85071959999999)(40.75355017647059, -73.853843)(40.75669494117647, -73.853843))"
340,C4:11,"POLYGON((40.75669494117647, -73.85071959999999)(40.75669494117647, -73.8475962)(40.75355017647059, -73.8475962)(40.75355017647059, -73.85071959999999)(40.75669494117647, -73.85071959999999))"
340,C4:12,"POLYGON((40.75669494117647, -73.8475962)(40.75669494117647, -73.8444728)(40.75355017647059, -73.8444728)(40.75355017647059, -73.8475962)(40.75669494117647, -73.8475962))"
340,C4:13,"POLYGON((40.75669494117647, -73.8444728)(40.75669494117647, -73.8413494)(40.75355017647059, -73.8413494)(40.75355017647059, -73.8444728)(40.75669494117647, -73.8444728))"
340,C4:14,"POLYGON((40.75669494117647, -73.8413494)(40.75669494117647, -73.83822599999999)(40.75355017647059, -73.83822599999999)(40.75355017647059, -73.8413494)(40.75669494117647, -73.8413494))"
340,C4:15,"POLYGON((40.75669494117647, -73.83822599999999)(40.75669494117647, -73.8351026)(40.75355017647059, -73.8351026)(40.75355017647059, -73.83822599999999)(40.75669494117647, -73.83822599999999))"
340,C4:16,"POLYGON((40.75669494117647, -73.8351026)(40.75669494117647, -73.8319792)(40.75355017647059, -73.8319792)(40.75355017647059, -73.8351026)(40.75669494117647, -73.8351026))"
340,C4:17,"POLYGON((40.75669494117647, -73.8319792)(40.75669494117647, -73.8288558)(40.75355017647059, -73.8288558)(40.75355017647059, -73.8319792)(40.75669494117647, -73.8319792))"
340,C4:18,"POLYGON((40.75669494117647, -73.8288558)(40.75669494117647, -73.82573239999999)(40.75355017647059, -73.82573239999999)(40.75355017647059, -73.8288558)(40.75669494117647, -73.8288558))"
340,C4:19,"POLYGON((40.75669494117647, -73.82573239999999)(40.75669494117647, -73.822609)(40.75355017647059, -73.822609)(40.75355017647059, -73.82573239999999)(40.75669494117647, -73.82573239999999))"
340,C5:0,"POLYGON((40.75355017647059, -73.885077)(40.75355017647059, -73.8819536)(40.75040541176471, -73.8819536)(40.75040541176471, -73.885077)(40.75355017647059, -73.885077))"
340,C5:1,"POLYGON((40.75355017647059, -73.8819536)(40.75355017647059, -73.8788302)(40.75040541176471, -73.8788302)(40.75040541176471, -73.8819536)(40.75355017647059, -73.8819536))"
340,C5:2,"POLYGON((40.75355017647059, -73.8788302)(40.75355017647059, -73.87570679999999)(40.75040541176471, -73.87570679999999)(40.75040541176471, -73.8788302)(40.75355017647059, -73.8788302))"
340,C5:3,"POLYGON((40.75355017647059, -73.87570679999999)(40.75355017647059, -73.8725834)(40.75040541176471, -73.8725834)(40.75040541176471, -73.87570679999999)(40.75355017647059, -73.87570679999999))"
340,C5:4,"POLYGON((40.75355017647059, -73.8725834)(40.75355017647059, -73.86946)(40.75040541176471, -73.86946)(40.75040541176471, -73.8725834)(40.75355017647059, -73.8725834))"
340,C5:5,"POLYGON((40.75355017647059, -73.86946)(40.75355017647059, -73.8663366)(40.75040541176471, -73.8663366)(40.75040541176471, -73.86946)(40.75355017647059, -73.86946))"
340,C5:6,"POLYGON((40.75355017647059, -73.8663366)(40.75355017647059, -73.86321319999999)(40.75040541176471, -73.86321319999999)(40.75040541176471, -73.8663366)(40.75355017647059, -73.8663366))"
340,C5:7,"POLYGON((40.75355017647059, -73.86321319999999)(40.75355017647059, -73.8600898)(40.75040541176471, -73.8600898)(40.75040541176471, -73.86321319999999)(40.75355017647059, -73.86321319999999))"
340,C5:8,"POLYGON((40.75355017647059, -73.8600898)(40.75355017647059, -73.8569664)(40.75040541176471, -73.8569664)(40.75040541176471, -73.8600898)(40.75355017647059, -73.8600898))"
340,C5:9,"POLYGON((40.75355017647059, -73.8569664)(40.75355017647059, -73.853843)(40.75040541176471, -73.853843)(40.75040541176471, -73.8569664)(40.75355017647059, -73.8569664))"
340,C5:10,"POLYGON((40.75355017647059, -73.853843)(40.75355017647059, -73.85071959999999)(40.75040541176471, -73.85071959999999)(40.75040541176471, -73.853843)(40.75355017647059, -73.853843))"
340,C5:11,"POLYGON((40.75355017647059, -73.85071959999999)(40.75355017647059, -73.8475962)(40.75040541176471, -73.8475962)(40.75040541176471, -73.85071959999999)(40.75355017647059, -73.85071959999999))"
340,C5:12,"POLYGON((40.75355017647059, -73.8475962)(40.75355017647059, -73.8444728)(40.75040541176471, -73.8444728)(40.75040541176471, -73.8475962)(40.75355017647059, -73.8475962))"
340,C5:13,"POLYGON((40.75355017647059, -73.8444728)(40.75355017647059, -73.8413494)(40.75040541176471, -73.8413494)(40.75040541176471, -73.8444728)(40.75355017647059, -73.8444728))"
340,C5:14,"POLYGON((40.75355017647059, -73.8413494)(40.75355017647059, -73.83822599999999)(40.75040541176471, -73.83822599999999)(40.75040541176471, -73.8413494)(40.75355017647059, -73.8413494))"
340,C5:15,"POLYGON((40.75355017647059, -73.83822599999999)(40.75355017647059, -73.8351026)(40.75040541176471, -73.8351026)(40.75040541176471, -73.83822599999999)(40.75355017647059, -73.83822599999999))"
340,C5:16,"POLYGON((40.75355017647059, -73.8351026)(40.75355017647059, -73.8319792)(40.75040541176471, -73.8319792)(40.75040541176471, -73.8351026)(40.75355017647059, -73.8351026))"
340,C5:17,"POLYGON((40.75355017647059, -73.8319792)(40.75355017647059, -73.8288558)(40.75040541176471, -73.8288558)(40.75040541176471, -73.8319792)(40.75355017647059, -73.8319792))"
340,C5:18,"POLYGON((40.75355017647059, -73.8288558)(40.75355017647059, -73.82573239999999)(40.75040541176471, -73.82573239999999)(40.75040541176471, -73.8288558)(40.75355017647059, -73.8288558))"
340,C5:19,"POLYGON((40.75355017647059, -73.82573239999999)(40.75355017647059, -73.822609)(40.75040541176471, -73.822609)(40.75040541176471, -73.82573239999999)(40.75355017647059, -73.82573239999999))"
340,C6:0,"POLYGON((40.75040541176471, -73.885077)(40.75040541176471, -73.8819536)(40.74726064705882, -73.8819536)(40.74726064705882, -73.885077)(40.75040541176471, -73.885077))"
340,C6:1,"POLYGON((40.75040541176471, -73.8819536)(40.75040541176471, -73.8788302)(40.74726064705882, -73.8788302)(40.74726064705882, -73.8819536)(40.75040541176471, -73.8819536))"
340,C6:2,"POLYGON((40.75040541176471, -73.8788302)(40.75040541176471, -73.87570679999999)(40.74726064705882, -73.87570679999999)(40.74726064705882, -73.8788302)(40.75040541176471, -73.8788302))"
340,C6:3,"POLYGON((40.75040541176471, -73.87570679999999)(40.75040541176471, -73.8725834)(40.74726064705882, -73.8725834)(40.74726064705882, -73.87570679999999)(40.75040541176471, -73.87570679999999))"
340,C6:4,"POLYGON((40.75040541176471, -73.8725834)(40.75040541176471, -73.86946)(40.74726064705882, -73.86946)(40.74726064705882, -73.8725834)(40.75040541176471, -73.8725834))"
340,C6:5,"POLYGON((40.75040541176471, -73.86946)(40.75040541176471, -73.8663366)(40.74726064705882, -73.8663366)(40.74726064705882, -73.86946)(40.75040541176471, -73.86946))"
340,C6:6,"POLYGON((40.75040541176471, -73.8663366)(40.75040541176471, -73.86321319999999)(40.74726064705882, -73.86321319999999)(40.74726064705882, -73.8663366)(40.75040541176471, -73.8663366))"
340,C6:7,"POLYGON((40.75040541176471, -73.86321319999999)(40.75040541176471, -73.8600898)(40.74726064705882, -73.8600898)(40.74726064705882, -73.86321319999999)(40.75040541176471, -73.86321319999999))"
340,C6:8,"POLYGON((40.75040541176471, -73.8600898)(40.75040541176471, -73.8569664)(40.74726064705882, -73.8569664)(40.74726064705882, -73.8600898)(40.75040541176471, -73.8600898))"
340,C6:9,"POLYGON((40.75040541176471, -73.8569664)(40.75040541176471, -73.853843)(40.74726064705882, -73.853843)(40.74726064705882, -73.8569664)(40.75040541176471, -73.8569664))"
340,C6:10,"POLYGON((40.75040541176471, -73.853843)(40.75040541176471, -73.85071959999999)(40.74726064705882, -73.85071959999999)(40.74726064705882, -73.853843)(40.75040541176471, -73.853843))"
340,C6:11,"POLYGON((40.75040541176471, -73.85071959999999)(40.75040541176471, -73.8475962)(40.74726064705882, -73.8475962)(40.74726064705882, -73.85071959999999)(40.75040541176471, -73.85071959999999))"
340,C6:12,"POLYGON((40.75040541176471, -73.8475962)(40.75040541176471, -73.8444728)(40.74726064705882, -73.8444728)(40.74726064705882, -73.8475962)(40.75040541176471, -73.8475962))"
340,C6:13,"POLYGON((40.75040541176471, -73.8444728)(40.75040541176471, -73.8413494)(40.74726064705882, -73.8413494)(40.74726064705882, -73.8444728)(40.75040541176471, -73.8444728))"
340,C6:14,"POLYGON((40.75040541176471, -73.8413494)(40.75040541176471, -73.83822599999999)(40.74726064705882, -73.83822599999999)(40.74726064705882, -73.8413494)(40.75040541176471, -73.8413494))"
340,C6:15,"POLYGON((40.75040541176471, -73.83822599999999)(40.75040541176471, -73.8351026)(40.74726064705882, -73.8351026)(40.74726064705882, -73.83822599999999)(40.75040541176471, -73.83822599999999))"
340,C6:16,"POLYGON((40.75040541176471, -73.8351026)(40.75040541176471, -73.8319792)(40.74726064705882, -73.8319792)(40.74726064705882, -73.8351026)(40.75040541176471, -73.8351026))"
340,C6:17,"POLYGON((40.75040541176471, -73.8319792)(40.75040541176471, -73.8288558)(40.74726064705882, -73.8288558)(40.74726064705882, -73.8319792)(40.75040541176471, -73.8319792))"
340,C6:18,"POLYGON((40.75040541176471, -73.8288558)(40.75040541176471, -73.82573239999999)(40.74726064705882, -73.82573239999999)(40.74726064705882, -73.8288558)(40.75040541176471, -73.8288558))"
340,C6:19,"POLYGON((40.75040541176471, -73.82573239999999)(40.75040541176471, -73.822609)(40.74726064705882, -73.822609)(40.74726064705882, -73.82573239999999)(40.75040541176471, -73.82573239999999))"
340,C7:0,"POLYGON((40.74726064705882, -73.885077)(40.74726064705882, -73.8819536)(40.74411588235294, -73.8819536)(40.74411588235294, -73.885077)(40.74726064705882, -73.885077))"
340,C7:1,"POLYGON((40.74726064705882, -73.8819536)(40.74726064705882, -73.8788302)(40.74411588235294, -73.8788302)(40.74411588235294, -73.8819536)(40.74726064705882, -73.8819536))"
340,C7:2,"POLYGON((40.74726064705882, -73.8788302)(40.74726064705882, -73.87570679999999)(40.74411588235294, -73.87570679999999)(40.74411588235294, -73.8788302)(40.74726064705882, -73.8788302))"
340,C7:3,"POLYGON((40.74726064705882, -73.87570679999999)(40.74726064705882, -73.8725834)(40.74411588235294, -73.8725834)(40.74411588235294, -73.87570679999999)(40.74726064705882, -73.87570679999999))"
340,C7:4,"POLYGON((40.74726064705882, -73.8725834)(40.74726064705882, -73.86946)(40.74411588235294, -73.86946)(40.74411588235294, -73.8725834)(40.74726064705882, -73.8725834))"
340,C7:5,"POLYGON((40.74726064705882, -73.86946)(40.74726064705882, -73.8663366)(40.74411588235294, -73.8663366)(40.74411588235294, -73.86946)(40.74726064705882, -73.86946))"
340,C7:6,"POLYGON((40.74726064705882, -73.8663366)(40.74726064705882, -73.86321319999999)(40.74411588235294, -73.86321319999999)(40.74411588235294, -73.8663366)(40.74726064705882, -73.8663366))"
340,C7:7,"POLYGON((40.74726064705882, -73.86321319999999)(40.74726064705882, -73.8600898)(40.74411588235294, -73.8600898)(40.74411588235294, -73.86321319999999)(40.74726064705882, -73.86321319999999))"
340,C7:8,"POLYGON((40.74726064705882, -73.8600898)(40.74726064705882, -73.8569664)(40.74411588235294, -73.8569664)(40.74411588235294, -73.8600898)(40.74726064705882, -73.8600898))"
340,C7:9,"POLYGON((40.74726064705882, -73.8569664)(40.74726064705882, -73.853843)(40.74411588235294, -73.853843)(40.74411588235294, -73.8569664)(40.74726064705882, -73.8569664))"
340,C7:10,"POLYGON((40.74726064705882, -73.853843)(40.74726064705882, -73.85071959999999)(40.74411588235294, -73.85071959999999)(40.74411588235294, -73.853843)(40.74726064705882, -73.853843))"
340,C7:11,"POLYGON((40.74726064705882, -73.85071959999999)(40.74726064705882, -73.8475962)(40.74411588235294, -73.8475962)(40.74411588235294, -73.85071959999999)(40.74726064705882, -73.85071959999999))"
340,C7:12,"POLYGON((40.74726064705882, -73.8475962)(40.74726064705882, -73.8444728)(40.74411588235294, -73.8444728)(40.74411588235294, -73.8475962)(40.74726064705882, -73.8475962))"
340,C7:13,"POLYGON((40.74726064705882, -73.8444728)(40.74726064705882, -73.8413494)(40.74411588235294, -73.8413494)(40.74411588235294, -73.8444728)(40.74726064705882, -73.8444728))"
340,C7:14,"POLYGON((40.74726064705882, -73.8413494)(40.74726064705882, -73.83822599999999)(40.74411588235294, -73.83822599999999)(40.74411588235294, -73.8413494)(40.74726064705882, -73.8413494))"
340,C7:15,"POLYGON((40.74726064705882, -73.83822599999999)(40.74726064705882, -73.8351026)(40.74411588235294, -73.8351026)(40.74411588235294, -73.83822599999999)(40.74726064705882, -73.83822599999999))"
340,C7:16,"POLYGON((40.74726064705882, -73.8351026)(40.74726064705882, -73.8319792)(40.74411588235294, -73.8319792)(40.74411588235294, -73.8351026)(40.74726064705882, -73.8351026))"
340,C7:17,"POLYGON((40.74726064705882, -73.8319792)(40.74726064705882, -73.8288558)(40.74411588235294, -73.8288558)(40.74411588235294, -73.8319792)(40.74726064705882, -73.8319792))"
340,C7:18,"POLYGON((40.74726064705882, -73.8288558)(40.74726064705882, -73.82573239999999)(40.74411588235294, -73.82573239999999)(40.74411588235294, -73.8288558)(40.74726064705882, -73.8288558))"
340,C7:19,"POLYGON((40.74726064705882, -73.82573239999999)(40.74726064705882, -73.822609)(40.74411588235294, -73.822609)(40.74411588235294, -73.82573239999999)(40.74726064705882, -73.82573239999999))"
340,C8:0,"POLYGON((40.74411588235294, -73.885077)(40.74411588235294, -73.8819536)(40.74097111764706, -73.8819536)(40.74097111764706, -73.885077)(40.74411588235294, -73.885077))"
340,C8:1,"POLYGON((40.74411588235294, -73.8819536)(40.74411588235294, -73.8788302)(40.74097111764706, -73.8788302)(40.74097111764706, -73.8819536)(40.74411588235294, -73.8819536))"
340,C8:2,"POLYGON((40.74411588235294, -73.8788302)(40.74411588235294, -73.87570679999999)(40.74097111764706, -73.87570679999999)(40.74097111764706, -73.8788302)(40.74411588235294, -73.8788302))"
340,C8:3,"POLYGON((40.74411588235294, -73.87570679999999)(40.74411588235294, -73.8725834)(40.74097111764706, -73.8725834)(40.74097111764706, -73.87570679999999)(40.74411588235294, -73.87570679999999))"
340,C8:4,"POLYGON((40.74411588235294, -73.8725834)(40.74411588235294, -73.86946)(40.74097111764706, -73.86946)(40.74097111764706, -73.8725834)(40.74411588235294, -73.8725834))"
340,C8:5,"POLYGON((40.74411588235294, -73.86946)(40.74411588235294, -73.8663366)(40.74097111764706, -73.8663366)(40.74097111764706, -73.86946)(40.74411588235294, -73.86946))"
340,C8:6,"POLYGON((40.74411588235294, -73.8663366)(40.74411588235294, -73.86321319999999)(40.74097111764706, -73.86321319999999)(40.74097111764706, -73.8663366)(40.74411588235294, -73.8663366))"
340,C8:7,"POLYGON((40.74411588235294, -73.86321319999999)(40.74411588235294, -73.8600898)(40.74097111764706, -73.8600898)(40.74097111764706, -73.86321319999999)(40.74411588235294, -73.86321319999999))"
340,C8:8,"POLYGON((40.74411588235294, -73.8600898)(40.74411588235294, -73.8569664)(40.74097111764706, -73.8569664)(40.74097111764706, -73.8600898)(40.74411588235294, -73.8600898))"
340,C8:9,"POLYGON((40.74411588235294, -73.8569664)(40.74411588235294, -73.853843)(40.74097111764706, -73.853843)(40.74097111764706, -73.8569664)(40.74411588235294, -73.8569664))"
340,C8:10,"POLYGON((40.74411588235294, -73.853843)(40.74411588235294, -73.85071959999999)(40.74097111764706, -73.85071959999999)(40.74097111764706, -73.853843)(40.74411588235294, -73.853843))"
340,C8:11,"POLYGON((40.74411588235294, -73.85071959999999)(40.74411588235294, -73.8475962)(40.74097111764706, -73.8475962)(40.74097111764706, -73.85071959999999)(40.74411588235294, -73.85071959999999))"
340,C8:12,"POLYGON((40.74411588235294, -73.8475962)(40.74411588235294, -73.8444728)(40.74097111764706, -73.8444728)(40.74097111764706, -73.8475962)(40.74411588235294, -73.8475962))"
340,C8:13,"POLYGON((40.74411588235294, -73.8444728)(40.74411588235294, -73.8413494)(40.74097111764706, -73.8413494)(40.74097111764706, -73.8444728)(40.74411588235294, -73.8444728))"
340,C8:14,"POLYGON((40.74411588235294, -73.8413494)(40.74411588235294, -73.83822599999999)(40.74097111764706, -73.83822599999999)(40.74097111764706, -73.8413494)(40.74411588235294, -73.8413494))"
340,C8:15,"POLYGON((40.74411588235294, -73.83822599999999)(40.74411588235294, -73.8351026)(40.74097111764706, -73.8351026)(40.74097111764706, -73.83822599999999)(40.74411588235294, -73.83822599999999))"
340,C8:16,"POLYGON((40.74411588235294, -73.8351026)(40.74411588235294, -73.8319792)(40.74097111764706, -73.8319792)(40.74097111764706, -73.8351026)(40.74411588235294, -73.8351026))"
340,C8:17,"POLYGON((40.74411588235294, -73.8319792)(40.74411588235294, -73.8288558)(40.74097111764706, -73.8288558)(40.74097111764706, -73.8319792)(40.74411588235294, -73.8319792))"
340,C8:18,"POLYGON((40.74411588235294, -73.8288558)(40.74411588235294, -73.82573239999999)(40.74097111764706, -73.82573239999999)(40.74097111764706, -73.8288558)(40.74411588235294, -73.8288558))"
340,C8:19,"POLYGON((40.74411588235294, -73.82573239999999)(40.74411588235294, -73.822609)(40.74097111764706, -73.822609)(40.74097111764706, -73.82573239999999)(40.74411588235294, -73.82573239999999))"
340,C9:0,"POLYGON((40.74097111764706, -73.885077)(40.74097111764706, -73.8819536)(40.73782635294118, -73.8819536)(40.73782635294118, -73.885077)(40.74097111764706, -73.885077))"
340,C9:1,"POLYGON((40.74097111764706, -73.8819536)(40.74097111764706, -73.8788302)(40.73782635294118, -73.8788302)(40.73782635294118, -73.8819536)(40.74097111764706, -73.8819536))"
340,C9:2,"POLYGON((40.74097111764706, -73.8788302)(40.74097111764706, -73.87570679999999)(40.73782635294118, -73.87570679999999)(40.73782635294118, -73.8788302)(40.74097111764706, -73.8788302))"
340,C9:3,"POLYGON((40.74097111764706, -73.87570679999999)(40.74097111764706, -73.8725834)(40.73782635294118, -73.8725834)(40.73782635294118, -73.87570679999999)(40.74097111764706, -73.87570679999999))"
340,C9:4,"POLYGON((40.74097111764706, -73.8725834)(40.74097111764706, -73.86946)(40.73782635294118, -73.86946)(40.73782635294118, -73.8725834)(40.74097111764706, -73.8725834))"
340,C9:5,"POLYGON((40.74097111764706, -73.86946)(40.74097111764706, -73.8663366)(40.73782635294118, -73.8663366)(40.73782635294118, -73.86946)(40.74097111764706, -73.86946))"
340,C9:6,"POLYGON((40.74097111764706, -73.8663366)(40.74097111764706, -73.86321319999999)(40.73782635294118, -73.86321319999999)(40.73782635294118, -73.8663366)(40.74097111764706, -73.8663366))"
340,C9:7,"POLYGON((40.74097111764706, -73.86321319999999)(40.74097111764706, -73.8600898)(40.73782635294118, -73.8600898)(40.73782635294118, -73.86321319999999)(40.74097111764706, -73.86321319999999))"
340,C9:8,"POLYGON((40.74097111764706, -73.8600898)(40.74097111764706, -73.8569664)(40.73782635294118, -73.8569664)(40.73782635294118, -73.8600898)(40.74097111764706, -73.8600898))"
340,C9:9,"POLYGON((40.74097111764706, -73.8569664)(40.74097111764706, -73.853843)(40.73782635294118, -73.853843)(40.73782635294118, -73.8569664)(40.74097111764706, -73.8569664))"
340,C9:10,"POLYGON((40.74097111764706, -73.853843)(40.74097111764706, -73.85071959999999)(40.73782635294118, -73.85071959999999)(40.73782635294118, -73.853843)(40.74097111764706, -73.853843))"
340,C9:11,"POLYGON((40.74097111764706, -73.85071959999999)(40.74097111764706, -73.8475962)(40.73782635294118, -73.8475962)(40.73782635294118, -73.85071959999999)(40.74097111764706, -73.85071959999999))"
340,C9:12,"POLYGON((40.74097111764706, -73.8475962)(40.74097111764706, -73.8444728)(40.73782635294118, -73.8444728)(40.73782635294118, -73.8475962)(40.74097111764706, -73.8475962))"
340,C9:13,"POLYGON((40.74097111764706, -73.8444728)(40.74097111764706, -73.8413494)(40.73782635294118, -73.8413494)(40.73782635294118, -73.8444728)(40.74097111764706, -73.8444728))"
340,C9:14,"POLYGON((40.74097111764706, -73.8413494)(40.74097111764706, -73.83822599999999)(40.73782635294118, -73.83822599999999)(40.73782635294118, -73.8413494)(40.74097111764706, -73.8413494))"
340,C9:15,"POLYGON((40.74097111764706, -73.83822599999999)(40.74097111764706, -73.8351026)(40.73782635294118, -73.8351026)(40.73782635294118, -73.83822599999999)(40.74097111764706, -73.83822599999999))"
340,C9:16,"POLYGON((40.74097111764706, -73.8351026)(40.74097111764706, -73.8319792)(40.73782635294118, -73.8319792)(40.73782635294118, -73.8351026)(40.74097111764706, -73.8351026))"
340,C9:17,"POLYGON((40.74097111764706, -73.8319792)(40.74097111764706, -73.8288558)(40.73782635294118, -73.8288558)(40.73782635294118, -73.8319792)(40.74097111764706, -73.8319792))"
340,C9:18,"POLYGON((40.74097111764706, -73.8288558)(40.74097111764706, -73.82573239999999)(40.73782635294118, -73.82573239999999)(40.73782635294118, -73.8288558)(40.74097111764706, -73.8288558))"
340,C9:19,"POLYGON((40.74097111764706, -73.82573239999999)(40.74097111764706, -73.822609)(40.73782635294118, -73.822609)(40.73782635294118, -73.82573239999999)(40.74097111764706, -73.82573239999999))"
340,C10:0,"POLYGON((40.73782635294118, -73.885077)(40.73782635294118, -73.8819536)(40.73468158823529, -73.8819536)(40.73468158823529, -73.885077)(40.73782635294118, -73.885077))"
340,C10:1,"POLYGON((40.73782635294118, -73.8819536)(40.73782635294118, -73.8788302)(40.73468158823529, -73.8788302)(40.73468158823529, -73.8819536)(40.73782635294118, -73.8819536))"
340,C10:2,"POLYGON((40.73782635294118, -73.8788302)(40.73782635294118, -73.87570679999999)(40.73468158823529, -73.87570679999999)(40.73468158823529, -73.8788302)(40.73782635294118, -73.8788302))"
340,C10:3,"POLYGON((40.73782635294118, -73.87570679999999)(40.73782635294118, -73.8725834)(40.73468158823529, -73.8725834)(40.73468158823529, -73.87570679999999)(40.73782635294118, -73.87570679999999))"
340,C10:4,"POLYGON((40.73782635294118, -73.8725834)(40.73782635294118, -73.86946)(40.73468158823529, -73.86946)(40.73468158823529, -73.8725834)(40.73782635294118, -73.8725834))"
340,C10:5,"POLYGON((40.73782635294118, -73.86946)(40.73782635294118, -73.8663366)(40.73468158823529, -73.8663366)(40.73468158823529, -73.86946)(40.73782635294118, -73.86946))"
340,C10:6,"POLYGON((40.73782635294118, -73.8663366)(40.73782635294118, -73.86321319999999)(40.73468158823529, -73.86321319999999)(40.73468158823529, -73.8663366)(40.73782635294118, -73.8663366))"
340,C10:7,"POLYGON((40.73782635294118, -73.86321319999999)(40.73782635294118, -73.8600898)(40.73468158823529, -73.8600898)(40.73468158823529, -73.86321319999999)(40.73782635294118, -73.86321319999999))"
340,C10:8,"POLYGON((40.73782635294118, -73.8600898)(40.73782635294118, -73.8569664)(40.73468158823529, -73.8569664)(40.73468158823529, -73.8600898)(40.73782635294118, -73.8600898))"
340,C10:9,"POLYGON((40.73782635294118, -73.8569664)(40.73782635294118, -73.853843)(40.73468158823529, -73.853843)(40.73468158823529, -73.8569664)(40.73782635294118, -73.8569664))"
340,C10:10,"POLYGON((40.73782635294118, -73.853843)(40.73782635294118, -73.85071959999999)(40.73468158823529, -73.85071959999999)(40.73468158823529, -73.853843)(40.73782635294118, -73.853843))"
340,C10:11,"POLYGON((40.73782635294118, -73.85071959999999)(40.73782635294118, -73.8475962)(40.73468158823529, -73.8475962)(40.73468158823529, -73.85071959999999)(40.73782635294118, -73.85071959999999))"
340,C10:12,"POLYGON((40.73782635294118, -73.8475962)(40.73782635294118, -73.8444728)(40.73468158823529, -73.8444728)(40.73468158823529, -73.8475962)(40.73782635294118, -73.8475962))"
340,C10:13,"POLYGON((40.73782635294118, -73.8444728)(40.73782635294118, -73.8413494)(40.73468158823529, -73.8413494)(40.73468158823529, -73.8444728)(40.73782635294118, -73.8444728))"
340,C10:14,"POLYGON((40.73782635294118, -73.8413494)(40.73782635294118, -73.83822599999999)(40.73468158823529, -73.83822599999999)(40.73468158823529, -73.8413494)(40.73782635294118, -73.8413494))"
340,C10:15,"POLYGON((40.73782635294118, -73.83822599999999)(40.73782635294118, -73.8351026)(40.73468158823529, -73.8351026)(40.73468158823529, -73.83822599999999)(40.73782635294118, -73.83822599999999))"
340,C10:16,"POLYGON((40.73782635294118, -73.8351026)(40.73782635294118, -73.8319792)(40.73468158823529, -73.8319792)(40.73468158823529, -73.8351026)(40.73782635294118, -73.8351026))"
340,C10:17,"POLYGON((40.73782635294118, -73.8319792)(40.73782635294118, -73.8288558)(40.73468158823529, -73.8288558)(40.73468158823529, -73.8319792)(40.73782635294118, -73.8319792))"
340,C10:18,"POLYGON((40.73782635294118, -73.8288558)(40.73782635294118, -73.82573239999999)(40.73468158823529, -73.82573239999999)(40.73468158823529, -73.8288558)(40.73782635294118, -73.8288558))"
340,C10:19,"POLYGON((40.73782635294118, -73.82573239999999)(40.73782635294118, -73.822609)(40.73468158823529, -73.822609)(40.73468158823529, -73.82573239999999)(40.73782635294118, -73.82573239999999))"
340,C11:0,"POLYGON((40.73468158823529, -73.885077)(40.73468158823529, -73.8819536)(40.73153682352941, -73.8819536)(40.73153682352941, -73.885077)(40.73468158823529, -73.885077))"
340,C11:1,"POLYGON((40.73468158823529, -73.8819536)(40.73468158823529, -73.8788302)(40.73153682352941, -73.8788302)(40.73153682352941, -73.8819536)(40.73468158823529, -73.8819536))"
340,C11:2,"POLYGON((40.73468158823529, -73.8788302)(40.73468158823529, -73.87570679999999)(40.73153682352941, -73.87570679999999)(40.73153682352941, -73.8788302)(40.73468158823529, -73.8788302))"
340,C11:3,"POLYGON((40.73468158823529, -73.87570679999999)(40.73468158823529, -73.8725834)(40.73153682352941, -73.8725834)(40.73153682352941, -73.87570679999999)(40.73468158823529, -73.87570679999999))"
340,C11:4,"POLYGON((40.73468158823529, -73.8725834)(40.73468158823529, -73.86946)(40.73153682352941, -73.86946)(40.73153682352941, -73.8725834)(40.73468158823529, -73.8725834))"
340,C11:5,"POLYGON((40.73468158823529, -73.86946)(40.73468158823529, -73.8663366)(40.73153682352941, -73.8663366)(40.73153682352941, -73.86946)(40.73468158823529, -73.86946))"
340,C11:6,"POLYGON((40.73468158823529, -73.8663366)(40.73468158823529, -73.86321319999999)(40.73153682352941, -73.86321319999999)(40.73153682352941, -73.8663366)(40.73468158823529, -73.8663366))"
340,C11:7,"POLYGON((40.73468158823529, -73.86321319999999)(40.73468158823529, -73.8600898)(40.73153682352941, -73.8600898)(40.73153682352941, -73.86321319999999)(40.73468158823529, -73.86321319999999))"
340,C11:8,"POLYGON((40.73468158823529, -73.8600898)(40.73468158823529, -73.8569664)(40.73153682352941, -73.8569664)(40.73153682352941, -73.8600898)(40.73468158823529, -73.8600898))"
340,C11:9,"POLYGON((40.73468158823529, -73.8569664)(40.73468158823529, -73.853843)(40.73153682352941, -73.853843)(40.73153682352941, -73.8569664)(40.73468158823529, -73.8569664))"
340,C11:10,"POLYGON((40.73468158823529, -73.853843)(40.73468158823529, -73.85071959999999)(40.73153682352941, -73.85071959999999)(40.73153682352941, -73.853843)(40.73468158823529, -73.853843))"
340,C11:11,"POLYGON((40.73468158823529, -73.85071959999999)(40.73468158823529, -73.8475962)(40.73153682352941, -73.8475962)(40.73153682352941, -73.85071959999999)(40.73468158823529, -73.85071959999999))"
340,C11:12,"POLYGON((40.73468158823529, -73.8475962)(40.73468158823529, -73.8444728)(40.73153682352941, -73.8444728)(40.73153682352941, -73.8475962)(40.73468158823529, -73.8475962))"
340,C11:13,"POLYGON((40.73468158823529, -73.8444728)(40.73468158823529, -73.8413494)(40.73153682352941, -73.8413494)(40.73153682352941, -73.8444728)(40.73468158823529, -73.8444728))"
340,C11:14,"POLYGON((40.73468158823529, -73.8413494)(40.73468158823529, -73.83822599999999)(40.73153682352941, -73.83822599999999)(40.73153682352941, -73.8413494)(40.73468158823529, -73.8413494))"
340,C11:15,"POLYGON((40.73468158823529, -73.83822599999999)(40.73468158823529, -73.8351026)(40.73153682352941, -73.8351026)(40.73153682352941, -73.83822599999999)(40.73468158823529, -73.83822599999999))"
340,C11:16,"POLYGON((40.73468158823529, -73.8351026)(40.73468158823529, -73.8319792)(40.73153682352941, -73.8319792)(40.73153682352941, -73.8351026)(40.73468158823529, -73.8351026))"
340,C11:17,"POLYGON((40.73468158823529, -73.8319792)(40.73468158823529, -73.8288558)(40.73153682352941, -73.8288558)(40.73153682352941, -73.8319792)(40.73468158823529, -73.8319792))"
340,C11:18,"POLYGON((40.73468158823529, -73.8288558)(40.73468158823529, -73.82573239999999)(40.73153682352941, -73.82573239999999)(40.73153682352941, -73.8288558)(40.73468158823529, -73.8288558))"
340,C11:19,"POLYGON((40.73468158823529, -73.82573239999999)(40.73468158823529, -73.822609)(40.73153682352941, -73.822609)(40.73153682352941, -73.82573239999999)(40.73468158823529, -73.82573239999999))"
340,C12:0,"POLYGON((40.73153682352941, -73.885077)(40.73153682352941, -73.8819536)(40.72839205882353, -73.8819536)(40.72839205882353, -73.885077)(40.73153682352941, -73.885077))"
340,C12:1,"POLYGON((40.73153682352941, -73.8819536)(40.73153682352941, -73.8788302)(40.72839205882353, -73.8788302)(40.72839205882353, -73.8819536)(40.73153682352941, -73.8819536))"
340,C12:2,"POLYGON((40.73153682352941, -73.8788302)(40.73153682352941, -73.87570679999999)(40.72839205882353, -73.87570679999999)(40.72839205882353, -73.8788302)(40.73153682352941, -73.8788302))"
340,C12:3,"POLYGON((40.73153682352941, -73.87570679999999)(40.73153682352941, -73.8725834)(40.72839205882353, -73.8725834)(40.72839205882353, -73.87570679999999)(40.73153682352941, -73.87570679999999))"
340,C12:4,"POLYGON((40.73153682352941, -73.8725834)(40.73153682352941, -73.86946)(40.72839205882353, -73.86946)(40.72839205882353, -73.8725834)(40.73153682352941, -73.8725834))"
340,C12:5,"POLYGON((40.73153682352941, -73.86946)(40.73153682352941, -73.8663366)(40.72839205882353, -73.8663366)(40.72839205882353, -73.86946)(40.73153682352941, -73.86946))"
340,C12:6,"POLYGON((40.73153682352941, -73.8663366)(40.73153682352941, -73.86321319999999)(40.72839205882353, -73.86321319999999)(40.72839205882353, -73.8663366)(40.73153682352941, -73.8663366))"
340,C12:7,"POLYGON((40.73153682352941, -73.86321319999999)(40.73153682352941, -73.8600898)(40.72839205882353, -73.8600898)(40.72839205882353, -73.86321319999999)(40.73153682352941, -73.86321319999999))"
340,C12:8,"POLYGON((40.73153682352941, -73.8600898)(40.73153682352941, -73.8569664)(40.72839205882353, -73.8569664)(40.72839205882353, -73.8600898)(40.73153682352941, -73.8600898))"
340,C12:9,"POLYGON((40.73153682352941, -73.8569664)(40.73153682352941, -73.853843)(40.72839205882353, -73.853843)(40.72839205882353, -73.8569664)(40.73153682352941, -73.8569664))"
340,C12:10,"POLYGON((40.73153682352941, -73.853843)(40.73153682352941, -73.85071959999999)(40.72839205882353, -73.85071959999999)(40.72839205882353, -73.853843)(40.73153682352941, -73.853843))"
340,C12:11,"POLYGON((40.73153682352941, -73.85071959999999)(40.73153682352941, -73.8475962)(40.72839205882353, -73.8475962)(40.72839205882353, -73.85071959999999)(40.73153682352941, -73.85071959999999))"
340,C12:12,"POLYGON((40.73153682352941, -73.8475962)(40.73153682352941, -73.8444728)(40.72839205882353, -73.8444728)(40.72839205882353, -73.8475962)(40.73153682352941, -73.8475962))"
340,C12:13,"POLYGON((40.73153682352941, -73.8444728)(40.73153682352941, -73.8413494)(40.72839205882353, -73.8413494)(40.72839205882353, -73.8444728)(40.73153682352941, -73.8444728))"
340,C12:14,"POLYGON((40.73153682352941, -73.8413494)(40.73153682352941, -73.83822599999999)(40.72839205882353, -73.83822599999999)(40.72839205882353, -73.8413494)(40.73153682352941, -73.8413494))"
340,C12:15,"POLYGON((40.73153682352941, -73.83822599999999)(40.73153682352941, -73.8351026)(40.72839205882353, -73.8351026)(40.72839205882353, -73.83822599999999)(40.73153682352941, -73.83822599999999))"
340,C12:16,"POLYGON((40.73153682352941, -73.8351026)(40.73153682352941, -73.8319792)(40.72839205882353, -73.8319792)(40.72839205882353, -73.8351026)(40.73153682352941, -73.8351026))"
340,C12:17,"POLYGON((40.73153682352941, -73.8319792)(40.73153682352941, -73.8288558)(40.72839205882353, -73.8288558)(40.72839205882353, -73.8319792)(40.73153682352941, -73.8319792))"
340,C12:18,"POLYGON((40.73153682352941, -73.8288558)(40.73153682352941, -73.82573239999999)(40.72839205882353, -73.82573239999999)(40.72839205882353, -73.8288558)(40.73153682352941, -73.8288558))"
340,C12:19,"POLYGON((40.73153682352941, -73.82573239999999)(40.73153682352941, -73.822609)(40.72839205882353, -73.822609)(40.72839205882353, -73.82573239999999)(40.73153682352941, -73.82573239999999))"
340,C13:0,"POLYGON((40.72839205882353, -73.885077)(40.72839205882353, -73.8819536)(40.72524729411764, -73.8819536)(40.72524729411764, -73.885077)(40.72839205882353, -73.885077))"
340,C13:1,"POLYGON((40.72839205882353, -73.8819536)(40.72839205882353, -73.8788302)(40.72524729411764, -73.8788302)(40.72524729411764, -73.8819536)(40.72839205882353, -73.8819536))"
340,C13:2,"POLYGON((40.72839205882353, -73.8788302)(40.72839205882353, -73.87570679999999)(40.72524729411764, -73.87570679999999)(40.72524729411764, -73.8788302)(40.72839205882353, -73.8788302))"
340,C13:3,"POLYGON((40.72839205882353, -73.87570679999999)(40.72839205882353, -73.8725834)(40.72524729411764, -73.8725834)(40.72524729411764, -73.87570679999999)(40.72839205882353, -73.87570679999999))"
340,C13:4,"POLYGON((40.72839205882353, -73.8725834)(40.72839205882353, -73.86946)(40.72524729411764, -73.86946)(40.72524729411764, -73.8725834)(40.72839205882353, -73.8725834))"
340,C13:5,"POLYGON((40.72839205882353, -73.86946)(40.72839205882353, -73.8663366)(40.72524729411764, -73.8663366)(40.72524729411764, -73.86946)(40.72839205882353, -73.86946))"
340,C13:6,"POLYGON((40.72839205882353, -73.8663366)(40.72839205882353, -73.86321319999999)(40.72524729411764, -73.86321319999999)(40.72524729411764, -73.8663366)(40.72839205882353, -73.8663366))"
340,C13:7,"POLYGON((40.72839205882353, -73.86321319999999)(40.72839205882353, -73.8600898)(40.72524729411764, -73.8600898)(40.72524729411764, -73.86321319999999)(40.72839205882353, -73.86321319999999))"
340,C13:8,"POLYGON((40.72839205882353, -73.8600898)(40.72839205882353, -73.8569664)(40.72524729411764, -73.8569664)(40.72524729411764, -73.8600898)(40.72839205882353, -73.8600898))"
340,C13:9,"POLYGON((40.72839205882353, -73.8569664)(40.72839205882353, -73.853843)(40.72524729411764, -73.853843)(40.72524729411764, -73.8569664)(40.72839205882353, -73.8569664))"
340,C13:10,"POLYGON((40.72839205882353, -73.853843)(40.72839205882353, -73.85071959999999)(40.72524729411764, -73.85071959999999)(40.72524729411764, -73.853843)(40.72839205882353, -73.853843))"
340,C13:11,"POLYGON((40.72839205882353, -73.85071959999999)(40.72839205882353, -73.8475962)(40.72524729411764, -73.8475962)(40.72524729411764, -73.85071959999999)(40.72839205882353, -73.85071959999999))"
340,C13:12,"POLYGON((40.72839205882353, -73.8475962)(40.72839205882353, -73.8444728)(40.72524729411764, -73.8444728)(40.72524729411764, -73.8475962)(40.72839205882353, -73.8475962))"
340,C13:13,"POLYGON((40.72839205882353, -73.8444728)(40.72839205882353, -73.8413494)(40.72524729411764, -73.8413494)(40.72524729411764, -73.8444728)(40.72839205882353, -73.8444728))"
340,C13:14,"POLYGON((40.72839205882353, -73.8413494)(40.72839205882353, -73.83822599999999)(40.72524729411764, -73.83822599999999)(40.72524729411764, -73.8413494)(40.72839205882353, -73.8413494))"
340,C13:15,"POLYGON((40.72839205882353, -73.83822599999999)(40.72839205882353, -73.8351026)(40.72524729411764, -73.8351026)(40.72524729411764, -73.83822599999999)(40.72839205882353, -73.83822599999999))"
340,C13:16,"POLYGON((40.72839205882353, -73.8351026)(40.72839205882353, -73.8319792)(40.72524729411764, -73.8319792)(40.72524729411764, -73.8351026)(40.72839205882353, -73.8351026))"
340,C13:17,"POLYGON((40.72839205882353, -73.8319792)(40.72839205882353, -73.8288558)(40.72524729411764, -73.8288558)(40.72524729411764, -73.8319792)(40.72839205882353, -73.8319792))"
340,C13:18,"POLYGON((40.72839205882353, -73.8288558)(40.72839205882353, -73.82573239999999)(40.72524729411764, -73.82573239999999)(40.72524729411764, -73.8288558)(40.72839205882353, -73.8288558))"
340,C13:19,"POLYGON((40.72839205882353, -73.82573239999999)(40.72839205882353, -73.822609)(40.72524729411764, -73.822609)(40.72524729411764, -73.82573239999999)(40.72839205882353, -73.82573239999999))"
340,C14:0,"POLYGON((40.72524729411764, -73.885077)(40.72524729411764, -73.8819536)(40.722102529411764, -73.8819536)(40.722102529411764, -73.885077)(40.72524729411764, -73.885077))"
340,C14:1,"POLYGON((40.72524729411764, -73.8819536)(40.72524729411764, -73.8788302)(40.722102529411764, -73.8788302)(40.722102529411764, -73.8819536)(40.72524729411764, -73.8819536))"
340,C14:2,"POLYGON((40.72524729411764, -73.8788302)(40.72524729411764, -73.87570679999999)(40.722102529411764, -73.87570679999999)(40.722102529411764, -73.8788302)(40.72524729411764, -73.8788302))"
340,C14:3,"POLYGON((40.72524729411764, -73.87570679999999)(40.72524729411764, -73.8725834)(40.722102529411764, -73.8725834)(40.722102529411764, -73.87570679999999)(40.72524729411764, -73.87570679999999))"
340,C14:4,"POLYGON((40.72524729411764, -73.8725834)(40.72524729411764, -73.86946)(40.722102529411764, -73.86946)(40.722102529411764, -73.8725834)(40.72524729411764, -73.8725834))"
340,C14:5,"POLYGON((40.72524729411764, -73.86946)(40.72524729411764, -73.8663366)(40.722102529411764, -73.8663366)(40.722102529411764, -73.86946)(40.72524729411764, -73.86946))"
340,C14:6,"POLYGON((40.72524729411764, -73.8663366)(40.72524729411764, -73.86321319999999)(40.722102529411764, -73.86321319999999)(40.722102529411764, -73.8663366)(40.72524729411764, -73.8663366))"
340,C14:7,"POLYGON((40.72524729411764, -73.86321319999999)(40.72524729411764, -73.8600898)(40.722102529411764, -73.8600898)(40.722102529411764, -73.86321319999999)(40.72524729411764, -73.86321319999999))"
340,C14:8,"POLYGON((40.72524729411764, -73.8600898)(40.72524729411764, -73.8569664)(40.722102529411764, -73.8569664)(40.722102529411764, -73.8600898)(40.72524729411764, -73.8600898))"
340,C14:9,"POLYGON((40.72524729411764, -73.8569664)(40.72524729411764, -73.853843)(40.722102529411764, -73.853843)(40.722102529411764, -73.8569664)(40.72524729411764, -73.8569664))"
340,C14:10,"POLYGON((40.72524729411764, -73.853843)(40.72524729411764, -73.85071959999999)(40.722102529411764, -73.85071959999999)(40.722102529411764, -73.853843)(40.72524729411764, -73.853843))"
340,C14:11,"POLYGON((40.72524729411764, -73.85071959999999)(40.72524729411764, -73.8475962)(40.722102529411764, -73.8475962)(40.722102529411764, -73.85071959999999)(40.72524729411764, -73.85071959999999))"
340,C14:12,"POLYGON((40.72524729411764, -73.8475962)(40.72524729411764, -73.8444728)(40.722102529411764, -73.8444728)(40.722102529411764, -73.8475962)(40.72524729411764, -73.8475962))"
340,C14:13,"POLYGON((40.72524729411764, -73.8444728)(40.72524729411764, -73.8413494)(40.722102529411764, -73.8413494)(40.722102529411764, -73.8444728)(40.72524729411764, -73.8444728))"
340,C14:14,"POLYGON((40.72524729411764, -73.8413494)(40.72524729411764, -73.83822599999999)(40.722102529411764, -73.83822599999999)(40.722102529411764, -73.8413494)(40.72524729411764, -73.8413494))"
340,C14:15,"POLYGON((40.72524729411764, -73.83822599999999)(40.72524729411764, -73.8351026)(40.722102529411764, -73.8351026)(40.722102529411764, -73.83822599999999)(40.72524729411764, -73.83822599999999))"
340,C14:16,"POLYGON((40.72524729411764, -73.8351026)(40.72524729411764, -73.8319792)(40.722102529411764, -73.8319792)(40.722102529411764, -73.8351026)(40.72524729411764, -73.8351026))"
340,C14:17,"POLYGON((40.72524729411764, -73.8319792)(40.72524729411764, -73.8288558)(40.722102529411764, -73.8288558)(40.722102529411764, -73.8319792)(40.72524729411764, -73.8319792))"
340,C14:18,"POLYGON((40.72524729411764, -73.8288558)(40.72524729411764, -73.82573239999999)(40.722102529411764, -73.82573239999999)(40.722102529411764, -73.8288558)(40.72524729411764, -73.8288558))"
340,C14:19,"POLYGON((40.72524729411764, -73.82573239999999)(40.72524729411764, -73.822609)(40.722102529411764, -73.822609)(40.722102529411764, -73.82573239999999)(40.72524729411764, -73.82573239999999))"
340,C15:0,"POLYGON((40.722102529411764, -73.885077)(40.722102529411764, -73.8819536)(40.71895776470588, -73.8819536)(40.71895776470588, -73.885077)(40.722102529411764, -73.885077))"
340,C15:1,"POLYGON((40.722102529411764, -73.8819536)(40.722102529411764, -73.8788302)(40.71895776470588, -73.8788302)(40.71895776470588, -73.8819536)(40.722102529411764, -73.8819536))"
340,C15:2,"POLYGON((40.722102529411764, -73.8788302)(40.722102529411764, -73.87570679999999)(40.71895776470588, -73.87570679999999)(40.71895776470588, -73.8788302)(40.722102529411764, -73.8788302))"
340,C15:3,"POLYGON((40.722102529411764, -73.87570679999999)(40.722102529411764, -73.8725834)(40.71895776470588, -73.8725834)(40.71895776470588, -73.87570679999999)(40.722102529411764, -73.87570679999999))"
340,C15:4,"POLYGON((40.722102529411764, -73.8725834)(40.722102529411764, -73.86946)(40.71895776470588, -73.86946)(40.71895776470588, -73.8725834)(40.722102529411764, -73.8725834))"
340,C15:5,"POLYGON((40.722102529411764, -73.86946)(40.722102529411764, -73.8663366)(40.71895776470588, -73.8663366)(40.71895776470588, -73.86946)(40.722102529411764, -73.86946))"
340,C15:6,"POLYGON((40.722102529411764, -73.8663366)(40.722102529411764, -73.86321319999999)(40.71895776470588, -73.86321319999999)(40.71895776470588, -73.8663366)(40.722102529411764, -73.8663366))"
340,C15:7,"POLYGON((40.722102529411764, -73.86321319999999)(40.722102529411764, -73.8600898)(40.71895776470588, -73.8600898)(40.71895776470588, -73.86321319999999)(40.722102529411764, -73.86321319999999))"
340,C15:8,"POLYGON((40.722102529411764, -73.8600898)(40.722102529411764, -73.8569664)(40.71895776470588, -73.8569664)(40.71895776470588, -73.8600898)(40.722102529411764, -73.8600898))"
340,C15:9,"POLYGON((40.722102529411764, -73.8569664)(40.722102529411764, -73.853843)(40.71895776470588, -73.853843)(40.71895776470588, -73.8569664)(40.722102529411764, -73.8569664))"
340,C15:10,"POLYGON((40.722102529411764, -73.853843)(40.722102529411764, -73.85071959999999)(40.71895776470588, -73.85071959999999)(40.71895776470588, -73.853843)(40.722102529411764, -73.853843))"
340,C15:11,"POLYGON((40.722102529411764, -73.85071959999999)(40.722102529411764, -73.8475962)(40.71895776470588, -73.8475962)(40.71895776470588, -73.85071959999999)(40.722102529411764, -73.85071959999999))"
340,C15:12,"POLYGON((40.722102529411764, -73.8475962)(40.722102529411764, -73.8444728)(40.71895776470588, -73.8444728)(40.71895776470588, -73.8475962)(40.722102529411764, -73.8475962))"
340,C15:13,"POLYGON((40.722102529411764, -73.8444728)(40.722102529411764, -73.8413494)(40.71895776470588, -73.8413494)(40.71895776470588, -73.8444728)(40.722102529411764, -73.8444728))"
340,C15:14,"POLYGON((40.722102529411764, -73.8413494)(40.722102529411764, -73.83822599999999)(40.71895776470588, -73.83822599999999)(40.71895776470588, -73.8413494)(40.722102529411764, -73.8413494))"
340,C15:15,"POLYGON((40.722102529411764, -73.83822599999999)(40.722102529411764, -73.8351026)(40.71895776470588, -73.8351026)(40.71895776470588, -73.83822599999999)(40.722102529411764, -73.83822599999999))"
340,C15:16,"POLYGON((40.722102529411764, -73.8351026)(40.722102529411764, -73.8319792)(40.71895776470588, -73.8319792)(40.71895776470588, -73.8351026)(40.722102529411764, -73.8351026))"
340,C15:17,"POLYGON((40.722102529411764, -73.8319792)(40.722102529411764, -73.8288558)(40.71895776470588, -73.8288558)(40.71895776470588, -73.8319792)(40.722102529411764, -73.8319792))"
340,C15:18,"POLYGON((40.722102529411764, -73.8288558)(40.722102529411764, -73.82573239999999)(40.71895776470588, -73.82573239999999)(40.71895776470588, -73.8288558)(40.722102529411764, -73.8288558))"
340,C15:19,"POLYGON((40.722102529411764, -73.82573239999999)(40.722102529411764, -73.822609)(40.71895776470588, -73.822609)(40.71895776470588, -73.82573239999999)(40.722102529411764, -73.82573239999999))"
340,C16:0,"POLYGON((40.71895776470588, -73.885077)(40.71895776470588, -73.8819536)(40.715813, -73.8819536)(40.715813, -73.885077)(40.71895776470588, -73.885077))"
340,C16:1,"POLYGON((40.71895776470588, -73.8819536)(40.71895776470588, -73.8788302)(40.715813, -73.8788302)(40.715813, -73.8819536)(40.71895776470588, -73.8819536))"
340,C16:2,"POLYGON((40.71895776470588, -73.8788302)(40.71895776470588, -73.87570679999999)(40.715813, -73.87570679999999)(40.715813, -73.8788302)(40.71895776470588, -73.8788302))"
340,C16:3,"POLYGON((40.71895776470588, -73.87570679999999)(40.71895776470588, -73.8725834)(40.715813, -73.8725834)(40.715813, -73.87570679999999)(40.71895776470588, -73.87570679999999))"
340,C16:4,"POLYGON((40.71895776470588, -73.8725834)(40.71895776470588, -73.86946)(40.715813, -73.86946)(40.715813, -73.8725834)(40.71895776470588, -73.8725834))"
340,C16:5,"POLYGON((40.71895776470588, -73.86946)(40.71895776470588, -73.8663366)(40.715813, -73.8663366)(40.715813, -73.86946)(40.71895776470588, -73.86946))"
340,C16:6,"POLYGON((40.71895776470588, -73.8663366)(40.71895776470588, -73.86321319999999)(40.715813, -73.86321319999999)(40.715813, -73.8663366)(40.71895776470588, -73.8663366))"
340,C16:7,"POLYGON((40.71895776470588, -73.86321319999999)(40.71895776470588, -73.8600898)(40.715813, -73.8600898)(40.715813, -73.86321319999999)(40.71895776470588, -73.86321319999999))"
340,C16:8,"POLYGON((40.71895776470588, -73.8600898)(40.71895776470588, -73.8569664)(40.715813, -73.8569664)(40.715813, -73.8600898)(40.71895776470588, -73.8600898))"
340,C16:9,"POLYGON((40.71895776470588, -73.8569664)(40.71895776470588, -73.853843)(40.715813, -73.853843)(40.715813, -73.8569664)(40.71895776470588, -73.8569664))"
340,C16:10,"POLYGON((40.71895776470588, -73.853843)(40.71895776470588, -73.85071959999999)(40.715813, -73.85071959999999)(40.715813, -73.853843)(40.71895776470588, -73.853843))"
340,C16:11,"POLYGON((40.71895776470588, -73.85071959999999)(40.71895776470588, -73.8475962)(40.715813, -73.8475962)(40.715813, -73.85071959999999)(40.71895776470588, -73.85071959999999))"
340,C16:12,"POLYGON((40.71895776470588, -73.8475962)(40.71895776470588, -73.8444728)(40.715813, -73.8444728)(40.715813, -73.8475962)(40.71895776470588, -73.8475962))"
340,C16:13,"POLYGON((40.71895776470588, -73.8444728)(40.71895776470588, -73.8413494)(40.715813, -73.8413494)(40.715813, -73.8444728)(40.71895776470588, -73.8444728))"
340,C16:14,"POLYGON((40.71895776470588, -73.8413494)(40.71895776470588, -73.83822599999999)(40.715813, -73.83822599999999)(40.715813, -73.8413494)(40.71895776470588, -73.8413494))"
340,C16:15,"POLYGON((40.71895776470588, -73.83822599999999)(40.71895776470588, -73.8351026)(40.715813, -73.8351026)(40.715813, -73.83822599999999)(40.71895776470588, -73.83822599999999))"
340,C16:16,"POLYGON((40.71895776470588, -73.8351026)(40.71895776470588, -73.8319792)(40.715813, -73.8319792)(40.715813, -73.8351026)(40.71895776470588, -73.8351026))"
340,C16:17,"POLYGON((40.71895776470588, -73.8319792)(40.71895776470588, -73.8288558)(40.715813, -73.8288558)(40.715813, -73.8319792)(40.71895776470588, -73.8319792))"
340,C16:18,"POLYGON((40.71895776470588, -73.8288558)(40.71895776470588, -73.82573239999999)(40.715813, -73.82573239999999)(40.715813, -73.8288558)(40.71895776470588, -73.8288558))"
340,C16:19,"POLYGON((40.71895776470588, -73.82573239999999)(40.71895776470588, -73.822609)(40.715813, -73.822609)(40.715813, -73.82573239999999)(40.71895776470588, -73.82573239999999))"
