traj_id,cell_id,cell_names
309,3466,C21:18
244,3194,C10:21
303,2990,C2:17
364,3189,C10:16
260,3204,C11:6
395,3039,C4:16
337,3539,C24:16
289,3237,C12:14
326,3111,C7:13
294,3045,C4:22
341,3218,C11:20
264,3452,C21:4
234,3038,C4:15
394,3120,C7:22
316,3546,C24:23
239,3038,C4:15
305,3433,C20:10
281,3110,C7:12
266,3017,C3:19
262,3236,C12:13
240,2985,C2:12
360,3456,C21:8
283,3234,C12:11
376,3490,C22:17
331,3491,C22:18
342,3493,C22:20
333,3251,C13:3
272,3495,C22:22
349,2979,C2:6
396,2925,C0:2
218,3285,C14:12
363,3099,C7:1
279,3231,C12:8
222,3031,C4:8
351,3056,C5:8
353,3199,C11:1
373,3056,C5:8
323,3367,C17:19
236,3135,C8:12
397,3135,C8:12
300,3496,C22:23
242,3275,C14:2
388,2970,C1:22
324,3499,C23:1
245,3143,C8:20
295,3333,C16:10
378,3315,C15:17
378,3290,C14:17
223,3449,C21:1
318,3327,C16:4
289,3262,C13:14
393,3258,C13:10
220,3029,C4:6
261,3369,C17:21
395,3064,C5:16
370,3369,C17:21
336,3027,C4:4
302,3520,C23:22
335,3465,C21:17
285,3520,C23:22
217,2964,C1:16
249,3069,C5:21
352,3091,C6:18
213,3306,C15:8
235,3149,C9:1
255,2963,C1:15
380,3420,C19:22
243,3071,C5:23
286,3087,C6:14
219,3199,C11:1
375,3402,C19:4
269,3205,C11:7
325,3373,C18:0
358,3404,C19:6
218,3260,C13:12
381,3465,C21:17
332,3205,C11:7
282,3005,C3:7
315,3508,C23:10
205,3509,C23:11
314,3381,C18:8
387,3241,C12:18
229,3340,C16:17
338,3516,C23:18
348,3118,C7:20
202,3242,C12:19
287,3330,C16:7
371,3079,C6:6
327,3410,C19:12
391,3224,C12:1
377,3082,C6:9
312,3003,C3:5
308,3082,C6:9
291,3079,C6:6
290,3082,C6:9
284,3082,C6:9
246,3082,C6:9
227,3082,C6:9
389,3082,C6:9
216,3516,C23:18
343,3437,C20:14
374,2991,C2:18
328,3437,C20:14
291,3104,C7:6
354,3020,C3:22
201,3061,C5:13
358,3379,C18:6
275,3121,C7:23
244,3219,C11:21
215,3009,C3:11
288,2964,C1:16
226,3234,C12:11
207,3258,C13:10
367,3221,C11:23
256,3199,C11:1
250,3030,C4:7
248,3234,C12:11
299,2927,C0:4
313,2954,C1:6
265,3224,C12:1
210,3455,C21:7
208,3071,C5:23
280,2928,C0:5
296,3099,C7:1
238,3084,C6:11
346,3095,C6:22
390,3460,C21:12
365,3357,C17:9
276,2995,C2:22
314,3356,C17:8
292,3512,C23:14
271,3002,C3:4
379,3032,C4:9
386,2945,C0:22
345,3074,C6:1
299,2952,C1:4
357,3446,C20:23
320,3400,C19:2
228,3366,C17:18
275,3122,C7:24
371,3104,C7:6
359,3017,C3:19
263,3195,C10:22
286,3062,C5:14
399,3357,C17:9
384,3523,C24:0
251,3519,C23:21
253,3280,C14:7
271,3027,C4:4
355,3099,C7:1
349,3004,C3:6
307,3236,C12:13
288,2989,C2:16
351,3055,C5:7
206,3259,C13:11
310,3032,C4:9
302,3495,C22:22
254,3360,C17:12
366,3433,C20:10
210,3430,C20:7
381,3464,C21:16
363,3124,C8:1
206,3284,C14:11
263,3170,C9:22
400,3502,C23:4
272,3520,C23:22
270,3071,C5:23
376,3465,C21:17
201,3036,C4:13
282,3030,C4:7
204,3412,C19:14
258,2944,C0:21
274,3071,C5:23
368,3024,C4:1
322,3079,C6:6
306,3502,C23:4
394,3145,C8:22
348,3143,C8:20
211,3404,C19:6
255,2938,C0:15
391,3249,C13:1
256,3174,C10:1
356,3045,C4:22
273,3065,C5:17
316,3545,C24:22
313,2979,C2:6
373,3055,C5:7
392,3234,C12:11
267,3541,C24:18
331,3466,C21:18
354,2995,C2:22
388,2945,C0:22
398,3150,C9:2
212,2980,C2:7
351,3030,C4:7
278,3529,C24:6
221,3272,C13:24
245,3118,C7:20
397,3136,C8:13
302,3470,C21:22
296,3124,C8:1
273,3040,C4:17
301,3377,C18:4
265,3249,C13:1
267,3516,C23:18
336,3026,C4:3
339,3016,C3:18
247,3277,C14:4
277,3333,C16:10
281,3111,C7:13
220,3055,C5:7
220,3030,C4:7
345,3099,C7:1
275,3147,C8:24
293,2925,C0:2
253,3305,C15:7
276,2970,C1:22
246,3083,C6:10
344,3235,C12:12
207,3283,C14:10
382,3258,C13:10
234,3013,C3:15
321,3276,C14:3
332,3204,C11:6
362,3452,C21:4
384,3498,C23:0
320,3375,C18:2
355,3124,C8:1
341,3219,C11:21
317,3026,C4:3
301,3352,C17:4
297,3439,C20:16
343,3436,C20:13
322,3054,C5:6
275,3172,C9:24
316,3520,C23:22
391,3250,C13:2
372,3071,C5:23
226,3259,C13:11
265,3250,C13:2
329,3235,C12:12
338,3517,C23:19
203,3287,C14:14
256,3149,C9:1
353,3224,C12:1
385,2937,C0:14
363,3149,C9:1
341,3194,C10:21
397,3111,C7:13
310,3007,C3:9
317,3001,C3:3
237,3523,C24:0
295,3334,C16:11
298,3304,C15:6
348,3168,C9:20
390,3435,C20:12
271,3026,C4:3
373,3030,C4:7
326,3112,C7:14
233,3071,C5:23
352,3092,C6:19
354,2970,C1:22
269,3204,C11:6
393,3257,C13:9
257,2950,C1:2
347,3366,C17:18
357,3447,C20:24
312,3004,C3:6
335,3464,C21:16
252,3103,C7:5
251,3544,C24:21
296,3149,C9:1
346,3070,C5:22
263,3196,C10:23
224,3205,C11:7
204,3387,C18:14
377,3083,C6:10
400,3477,C22:4
203,3312,C15:14
242,3276,C14:3
356,3020,C3:22
300,3471,C21:23
298,3279,C14:6
342,3494,C22:21
336,3051,C5:3
294,3070,C5:22
253,3330,C16:7
250,3031,C4:8
266,3018,C3:20
393,3232,C12:9
345,3124,C8:1
225,3277,C14:4
379,3007,C3:9
378,3314,C15:16
394,3171,C9:23
316,3495,C22:22
238,3085,C6:12
245,3093,C6:20
337,3540,C24:17
240,2935,C0:12
312,2979,C2:6
268,3325,C16:2
395,3065,C5:17
213,3307,C15:9
300,3446,C20:23
285,3519,C23:21
272,3546,C24:23
290,3083,C6:10
358,3380,C18:7
204,3362,C17:14
276,2945,C0:22
217,2965,C1:17
365,3358,C17:10
384,3473,C22:0
355,3149,C9:1
284,3083,C6:10
326,3087,C6:14
250,3006,C3:8
348,3169,C9:21
292,3511,C23:13
256,3124,C8:1
289,3236,C12:13
291,3103,C7:5
347,3391,C18:18
381,3439,C20:16
286,3063,C5:15
320,3350,C17:2
240,2960,C1:12
263,3171,C9:23
365,3333,C16:10
309,3465,C21:17
394,3196,C10:23
351,3031,C4:8
364,3188,C10:15
340,3523,C24:0
265,3275,C14:2
228,3367,C17:19
292,3536,C24:13
369,3265,C13:17
379,2982,C2:9
258,2945,C0:22
271,3001,C3:3
238,3110,C7:12
316,3470,C21:22
325,3374,C18:1
382,3283,C14:10
201,3035,C4:12
291,3128,C8:5
266,3043,C4:20
242,3251,C13:3
375,3401,C19:3
363,3174,C10:1
395,3040,C4:17
306,3477,C22:4
245,3068,C5:20
302,3471,C21:23
248,3259,C13:11
264,3427,C20:4
324,3524,C24:1
213,3282,C14:9
210,3431,C20:8
400,3452,C21:4
351,3006,C3:8
336,3052,C5:4
241,3400,C19:2
367,3220,C11:22
260,3203,C11:5
305,3432,C20:9
360,3457,C21:9
334,3092,C6:19
296,3174,C10:1
354,2945,C0:22
349,3003,C3:5
282,3031,C4:8
391,3275,C14:2
302,3446,C20:23
299,2951,C1:3
275,3171,C9:23
212,3005,C3:7
281,3112,C7:14
246,3059,C5:11
220,3054,C5:6
308,3083,C6:10
223,3423,C20:0
221,3247,C12:24
313,2980,C2:7
217,2990,C2:17
326,3062,C5:14
201,3010,C3:12
246,3084,C6:11
345,3149,C9:1
287,3329,C16:6
267,3517,C23:19
254,3384,C18:11
321,3251,C13:3
390,3434,C20:11
357,3422,C19:24
247,3276,C14:3
275,3196,C10:23
270,3070,C5:22
360,3432,C20:9
256,3099,C7:1
282,3006,C3:8
305,3457,C21:9
244,3218,C11:20
364,3213,C11:15
315,3507,C23:9
355,3174,C10:1
288,2990,C2:17
234,2988,C2:15
348,3194,C10:21
281,3087,C6:14
367,3245,C12:22
384,3448,C21:0
356,2995,C2:22
274,3070,C5:22
350,3091,C6:18
237,3498,C23:0
397,3112,C7:14
228,3392,C18:19
287,3354,C17:6
273,3066,C5:18
398,3149,C9:1
271,2976,C2:3
247,3301,C15:3
375,3376,C18:3
265,3300,C15:2
331,3465,C21:17
260,3228,C12:5
210,3406,C19:8
320,3325,C16:2
286,3038,C4:15
208,3070,C5:22
255,2937,C0:14
394,3170,C9:22
335,3439,C20:16
254,3359,C17:11
396,2924,C0:1
400,3427,C20:4
353,3249,C13:1
206,3283,C14:10
337,3515,C23:17
297,3414,C19:16
399,3358,C17:10
313,2955,C1:7
205,3510,C23:12
220,3079,C6:6
288,3015,C3:17
266,3068,C5:20
272,3545,C24:22
219,3224,C12:1
394,3195,C10:22
348,3219,C11:21
366,3408,C19:10
296,3199,C11:1
374,3017,C3:19
281,3062,C5:14
392,3259,C13:11
363,3199,C11:1
336,3077,C6:4
332,3203,C11:5
343,3435,C20:12
397,3087,C6:14
239,3063,C5:15
306,3452,C21:4
307,3235,C12:12
399,3333,C16:10
299,2976,C2:3
256,3074,C6:1
392,3284,C14:11
345,3174,C10:1
269,3203,C11:5
273,3091,C6:18
304,3140,C8:17
352,3093,C6:20
322,3055,C5:7
257,2925,C0:2
270,3095,C6:22
330,2964,C1:16
343,3460,C21:12
374,2992,C2:19
285,3494,C22:21
319,3236,C12:13
332,3228,C12:5
302,3447,C20:24
303,2991,C2:18
352,3068,C5:20
295,3335,C16:12
398,3174,C10:1
357,3421,C19:23
377,3059,C5:11
310,3006,C3:8
274,3045,C4:22
391,3300,C15:2
355,3199,C11:1
269,3228,C12:5
362,3427,C20:4
340,3498,C23:0
316,3471,C21:23
271,2951,C1:3
232,3268,C13:20
377,3084,C6:11
263,3145,C8:22
220,3104,C7:6
368,3049,C5:1
338,3518,C23:20
322,3030,C4:7
381,3414,C19:16
250,3007,C3:9
400,3402,C19:4
397,3062,C5:14
393,3231,C12:8
298,3280,C14:7
205,3485,C22:12
295,3310,C15:12
316,3446,C20:23
265,3325,C16:2
300,3447,C20:24
341,3195,C10:22
240,2934,C0:11
373,3031,C4:8
224,3230,C12:7
238,3111,C7:13
247,3326,C16:3
266,3093,C6:20
320,3300,C15:2
378,3313,C15:15
338,3493,C22:20
353,3250,C13:2
294,3095,C6:22
231,3174,C10:1
376,3464,C21:16
390,3409,C19:11
310,3031,C4:8
253,3331,C16:8
286,3013,C3:15
259,3264,C13:16
356,2970,C1:22
358,3354,C17:6
365,3334,C16:11
341,3170,C9:22
296,3224,C12:1
256,3049,C5:1
246,3085,C6:12
230,3253,C13:5
208,3095,C6:22
250,2982,C2:9
292,3535,C24:12
302,3422,C19:24
326,3063,C5:15
216,3517,C23:19
336,3102,C7:4
345,3199,C11:1
253,3306,C15:8
284,3059,C5:11
299,3001,C3:3
363,3224,C12:1
270,3120,C7:22
366,3383,C18:10
351,3007,C3:9
373,3006,C3:8
306,3427,C20:4
289,3235,C12:12
284,3084,C6:11
379,2983,C2:10
237,3473,C22:0
281,3063,C5:15
267,3518,C23:20
234,2963,C1:15
246,3110,C7:12
271,2926,C0:3
207,3282,C14:9
400,3377,C18:4
309,3464,C21:16
335,3414,C19:16
245,3069,C5:21
344,3236,C12:13
305,3456,C21:8
355,3224,C12:1
278,3528,C24:5
342,3495,C22:22
384,3423,C20:0
337,3490,C22:17
325,3399,C19:1
267,3493,C22:20
314,3357,C17:9
290,3059,C5:11
361,3238,C12:15
211,3403,C19:5
274,3020,C3:22
398,3199,C11:1
349,3002,C3:4
358,3329,C16:6
302,3421,C19:23
247,3327,C16:4
315,3482,C22:9
265,3350,C17:2
311,3128,C8:5
290,3084,C6:11
254,3334,C16:11
351,2982,C2:9
387,3240,C12:17
201,3009,C3:11
312,2980,C2:7
215,3008,C3:10
204,3363,C17:15
298,3305,C15:7
266,3118,C7:20
313,2930,C0:7
256,3024,C4:1
225,3276,C14:3
348,3218,C11:20
342,3470,C21:22
263,3120,C7:22
226,3260,C13:12
300,3422,C19:24
318,3328,C16:5
336,3127,C8:4
349,3027,C4:4
301,3353,C17:5
391,3325,C16:2
364,3238,C12:15
291,3127,C8:4
357,3396,C18:23
316,3447,C20:24
320,3275,C14:2
296,3249,C13:1
228,3393,C18:20
213,3283,C14:10
281,3038,C4:15
326,3038,C4:15
282,3007,C3:9
221,3221,C11:23
352,3118,C7:20
297,3389,C18:16
275,3170,C9:22
397,3063,C5:15
270,3145,C8:22
207,3307,C15:9
345,3224,C12:1
226,3285,C14:12
286,2988,C2:15
379,2958,C1:10
222,3030,C4:7
394,3194,C10:21
299,3026,C4:3
359,3018,C3:20
387,3265,C13:17
221,3246,C12:23
208,3120,C7:22
275,3195,C10:22
341,3196,C10:23
340,3473,C22:0
225,3301,C15:3
363,3249,C13:1
356,2945,C0:22
367,3244,C12:21
331,3464,C21:16
288,3040,C4:17
394,3219,C11:21
370,3370,C17:22
302,3396,C18:23
306,3402,C19:4
327,3409,C19:11
296,3250,C13:2
317,3051,C5:3
273,3092,C6:19
390,3384,C18:11
308,3059,C5:11
355,3249,C13:1
393,3255,C13:7
316,3422,C19:24
282,2982,C2:9
256,2999,C3:1
381,3389,C18:16
346,3071,C5:23
318,3303,C15:5
269,3227,C12:4
308,3084,C6:11
224,3255,C13:7
265,3375,C18:2
367,3269,C13:21
266,3143,C8:20
360,3433,C20:10
281,3013,C3:15
264,3402,C19:4
263,3095,C6:22
229,3314,C15:16
274,2995,C2:22
309,3439,C20:16
285,3495,C22:22
343,3434,C20:11
202,3241,C12:18
312,2955,C1:7
243,3070,C5:22
377,3085,C6:12
341,3171,C9:23
398,3224,C12:1
244,3217,C11:19
238,3112,C7:14
300,3421,C19:23
206,3282,C14:9
337,3465,C21:17
397,3038,C4:15
283,3235,C12:12
240,2933,C0:10
220,3103,C7:5
269,3252,C13:4
363,3250,C13:2
222,3055,C5:7
353,3275,C14:2
234,2938,C0:15
352,3143,C8:20
285,3470,C21:22
332,3227,C12:4
298,3330,C16:7
330,2989,C2:16
242,3252,C13:4
346,3096,C6:23
355,3250,C13:2
320,3250,C13:2
246,3111,C7:13
205,3460,C21:12
316,3421,C19:23
326,3013,C3:15
218,3286,C14:13
237,3448,C21:0
250,2983,C2:10
288,3065,C5:17
307,3234,C12:11
345,3249,C13:1
311,3103,C7:5
244,3242,C12:19
256,2998,C3:0
335,3389,C18:16
210,3407,C19:9
220,3128,C8:5
295,3311,C15:13
223,3424,C20:1
379,2933,C0:10
302,3371,C17:23
393,3230,C12:7
365,3335,C16:12
286,2963,C1:15
299,3051,C5:3
391,3350,C17:2
238,3087,C6:14
364,3263,C13:15
377,3110,C7:12
400,3376,C18:3
382,3284,C14:11
332,3252,C13:4
215,2983,C2:10
322,3031,C4:8
292,3534,C24:11
357,3371,C17:23
206,3307,C15:9
241,3375,C18:2
365,3310,C15:12
212,3030,C4:7
296,3275,C14:2
281,2988,C2:15
203,3286,C14:13
210,3382,C18:9
399,3334,C16:11
349,3026,C4:3
382,3259,C13:11
270,3171,C9:23
390,3359,C17:11
378,3288,C14:15
362,3402,C19:4
208,3145,C8:22
289,3234,C12:11
294,3120,C7:22
242,3227,C12:4
293,2926,C0:3
267,3494,C22:21
345,3250,C13:2
266,3168,C9:20
392,3283,C14:10
265,3400,C19:2
397,3013,C3:15
333,3252,C13:4
322,3006,C3:8
331,3439,C20:16
338,3494,C22:21
253,3307,C15:9
400,3401,C19:3
287,3353,C17:5
343,3409,C19:11
238,3062,C5:14
317,3052,C5:4
316,3396,C18:23
223,3399,C19:1
240,2958,C1:10
250,2958,C1:10
201,3008,C3:10
268,3300,C15:2
359,3043,C4:20
375,3377,C18:4
352,3168,C9:20
270,3196,C10:23
376,3439,C20:16
358,3355,C17:7
274,2970,C1:22
284,3085,C6:12
372,3070,C5:22
351,2983,C2:10
313,2931,C0:8
217,2991,C2:18
336,3126,C8:3
299,3052,C5:4
256,2973,C2:0
396,2923,C0:0
302,3346,C16:23
398,3249,C13:1
384,3424,C20:1
247,3377,C18:4
212,3055,C5:7
380,3419,C19:21
355,3275,C14:2
309,3414,C19:16
305,3482,C22:9
281,2963,C1:15
363,3275,C14:2
374,3043,C4:20
320,3225,C12:2
326,2988,C2:15
253,3282,C14:9
300,3396,C18:23
340,3448,C21:0
225,3326,C16:3
286,2938,C0:15
254,3335,C16:12
336,3151,C9:3
395,3066,C5:18
266,3169,C9:21
358,3330,C16:7
384,3399,C19:1
228,3394,C18:21
393,3205,C11:7
368,3074,C6:1
325,3400,C19:2
348,3217,C11:19
247,3352,C17:4
305,3507,C23:9
297,3364,C17:16
263,3070,C5:22
375,3352,C17:4
366,3384,C18:11
296,3300,C15:2
352,3169,C9:21
254,3310,C15:12
201,2983,C2:10
228,3369,C17:21
245,3070,C5:22
284,3110,C7:12
348,3242,C12:19
347,3390,C18:17
349,3051,C5:3
397,2988,C2:15
316,3371,C17:23
240,2983,C2:10
381,3364,C17:16
204,3364,C17:16
345,3275,C14:2
211,3378,C18:5
295,3312,C15:14
295,3287,C14:14
341,3145,C8:22
398,3250,C13:2
329,3236,C12:13
391,3375,C18:2
250,2933,C0:10
281,2938,C0:15
394,3218,C11:20
290,3085,C6:12
273,3093,C6:20
275,3194,C10:21
366,3359,C17:11
351,2958,C1:10
343,3384,C18:11
246,3112,C7:14
256,2948,C1:0
323,3392,C18:19
302,3321,C15:23
320,3224,C12:1
335,3364,C17:16
357,3346,C16:23
310,3030,C4:7
374,3018,C3:20
270,3170,C9:22
260,3227,C12:4
291,3126,C8:3
273,3068,C5:20
275,3219,C11:21
353,3300,C15:2
369,3240,C12:17
333,3227,C12:4
299,3077,C6:4
331,3414,C19:16
306,3377,C18:4
355,3300,C15:2
269,3251,C13:3
342,3471,C21:23
326,2963,C1:15
324,3525,C24:2
246,3087,C6:14
213,3284,C14:11
270,3195,C10:22
274,2945,C0:22
204,3339,C16:16
256,2923,C0:0
266,3194,C10:21
291,3151,C9:3
238,3063,C5:15
282,2983,C2:10
349,3052,C5:4
288,3066,C5:18
213,3259,C13:11
363,3300,C15:2
397,2963,C1:15
373,3007,C3:9
396,2948,C1:0
316,3346,C16:23
310,3055,C5:7
306,3352,C17:4
352,3194,C10:21
400,3400,C19:2
337,3464,C21:16
243,3095,C6:22
219,3249,C13:1
342,3446,C20:23
296,3325,C16:2
285,3471,C21:23
252,3104,C7:6
309,3389,C18:16
290,3110,C7:12
201,2958,C1:10
377,3111,C7:13
395,3091,C6:18
221,3196,C10:23
269,3276,C14:3
233,3070,C5:22
315,3506,C23:8
208,3171,C9:23
300,3371,C17:23
246,3062,C5:14
339,3017,C3:19
302,3296,C14:23
266,3219,C11:21
327,3384,C18:11
285,3446,C20:23
361,3263,C13:15
345,3300,C15:2
263,3045,C4:22
205,3435,C20:12
364,3288,C14:15
225,3327,C16:4
260,3252,C13:4
351,2933,C0:10
367,3268,C13:20
352,3219,C11:21
236,3136,C8:13
317,3077,C6:4
365,3311,C15:13
343,3359,C17:11
360,3408,C19:10
344,3262,C13:14
344,3237,C12:14
214,2944,C0:21
370,3345,C16:22
341,3120,C7:22
398,3275,C14:2
245,3045,C4:22
267,3470,C21:22
262,3262,C13:14
262,3237,C12:14
265,3401,C19:3
326,2938,C0:15
320,3199,C11:1
332,3251,C13:3
397,2938,C0:15
220,3127,C8:4
238,3038,C4:15
308,3085,C6:12
289,3259,C13:11
312,2930,C0:7
316,3321,C15:23
208,3196,C10:23
299,3102,C7:4
288,3091,C6:18
281,2937,C0:14
355,3325,C16:2
373,2982,C2:9
289,3284,C14:11
391,3400,C19:2
293,2951,C1:3
282,2958,C1:10
207,3306,C15:8
372,3095,C6:22
400,3375,C18:2
301,3354,C17:6
248,3260,C13:12
294,3145,C8:22
349,3077,C6:4
346,3072,C5:24
346,3097,C6:24
307,3259,C13:11
295,3286,C14:13
331,3389,C18:16
357,3321,C15:23
296,3350,C17:2
302,3271,C13:23
206,3306,C15:8
332,3276,C14:3
216,3518,C23:20
241,3350,C17:2
277,3334,C16:11
363,3325,C16:2
237,3423,C20:0
201,2933,C0:10
265,3376,C18:3
359,3068,C5:20
307,3284,C14:11
322,3007,C3:9
211,3353,C17:5
286,2937,C0:14
204,3314,C15:16
207,3331,C16:8
335,3339,C16:16
264,3377,C18:4
244,3241,C12:18
321,3275,C14:2
345,3325,C16:2
362,3377,C18:4
267,3495,C22:22
338,3495,C22:22
301,3329,C16:6
297,3339,C16:16
226,3286,C14:13
298,3331,C16:8
273,3118,C7:20
206,3331,C16:8
381,3339,C16:16
209,3534,C24:11
256,2924,C0:1
308,3110,C7:12
309,3364,C17:16
246,3063,C5:15
240,2982,C2:9
238,3013,C3:15
234,2937,C0:14
228,3370,C17:22
299,3127,C8:4
341,3095,C6:22
316,3296,C14:23
347,3415,C19:17
384,3400,C19:2
248,3285,C14:12
393,3204,C11:6
253,3283,C14:10
360,3383,C18:10
338,3470,C21:22
216,3493,C22:20
263,3020,C3:22
300,3346,C16:23
336,3150,C9:2
399,3335,C16:12
376,3414,C19:16
298,3306,C15:8
254,3311,C15:13
322,2982,C2:9
400,3350,C17:2
394,3217,C11:19
353,3325,C16:2
210,3383,C18:10
284,3111,C7:13
324,3500,C23:2
348,3241,C12:18
365,3312,C15:14
365,3287,C14:14
392,3282,C14:9
355,3350,C17:2
320,3174,C10:1
398,3300,C15:2
378,3287,C14:14
245,3020,C3:22
396,2973,C2:0
302,3246,C12:23
247,3353,C17:5
257,2926,C0:3
240,3007,C3:9
337,3439,C20:16
394,3242,C12:19
399,3310,C15:12
282,2933,C0:10
285,3447,C20:24
349,3102,C7:4
296,3375,C18:2
266,3218,C11:20
246,3038,C4:15
352,3218,C11:20
371,3103,C7:5
270,3194,C10:21
249,3068,C5:20
275,3218,C11:20
267,3520,C23:22
378,3312,C15:14
303,3017,C3:19
208,3170,C9:22
397,2937,C0:14
230,3228,C12:5
316,3271,C13:23
325,3401,C19:3
363,3350,C17:2
345,3350,C17:2
273,3143,C8:20
238,2988,C2:15
270,3219,C11:21
252,3079,C6:6
314,3358,C17:10
377,3112,C7:14
235,3150,C9:2
390,3360,C17:12
331,3364,C17:16
224,3231,C12:8
342,3447,C20:24
392,3307,C15:9
269,3275,C14:2
228,3345,C16:22
317,3102,C7:4
340,3423,C20:0
343,3334,C16:11
305,3506,C23:8
268,3275,C14:2
205,3434,C20:11
208,3195,C10:22
242,3228,C12:5
357,3296,C14:23
400,3325,C16:2
326,2937,C0:14
204,3313,C15:15
358,3331,C16:8
303,2992,C2:19
382,3260,C13:12
302,3221,C11:23
287,3352,C17:4
334,3093,C6:20
243,3120,C7:22
246,3013,C3:15
349,3127,C8:4
309,3339,C16:16
377,3087,C6:14
368,3099,C7:1
285,3422,C19:24
261,3370,C17:22
355,3375,C18:2
233,3095,C6:22
314,3333,C16:10
263,2995,C2:22
221,3195,C10:22
219,3250,C13:2
358,3306,C15:8
279,3232,C12:9
382,3285,C14:12
320,3149,C9:1
306,3353,C17:5
300,3321,C15:23
316,3246,C12:23
374,3019,C3:21
291,3150,C9:2
238,2963,C1:15
325,3376,C18:3
398,3325,C16:2
296,3400,C19:2
290,3111,C7:13
213,3260,C13:12
287,3377,C18:4
341,3070,C5:22
245,2995,C2:22
242,3203,C11:5
387,3264,C13:16
254,3312,C15:14
254,3287,C14:14
203,3285,C14:12
372,3120,C7:22
374,2994,C2:21
239,3062,C5:14
273,3168,C9:20
366,3360,C17:12
213,3285,C14:12
365,3286,C14:13
345,3375,C18:2
371,3128,C8:5
377,3062,C5:14
400,3300,C15:2
381,3314,C15:16
246,2988,C2:15
363,3375,C18:2
302,3196,C10:23
293,2976,C2:3
327,3359,C17:11
220,3126,C8:3
367,3267,C13:19
249,3093,C6:20
342,3422,C19:24
203,3260,C13:12
299,3126,C8:3
256,2925,C0:2
289,3283,C14:10
285,3421,C19:23
334,3068,C5:20
265,3377,C18:4
295,3285,C14:12
297,3314,C15:16
238,2938,C0:15
331,3339,C16:16
316,3221,C11:23
220,3151,C9:3
353,3350,C17:2
332,3275,C14:2
367,3292,C14:19
317,3127,C8:4
337,3414,C19:16
299,3151,C9:3
273,3169,C9:21
295,3260,C13:12
396,2998,C3:0
265,3352,C17:4
355,3400,C19:2
212,3054,C5:6
267,3546,C24:23
384,3401,C19:3
310,3054,C5:6
393,3203,C11:5
211,3352,C17:4
288,3092,C6:19
391,3401,C19:3
246,2963,C1:15
357,3271,C13:23
336,3149,C9:1
229,3315,C15:17
364,3287,C14:14
320,3124,C8:1
346,3121,C7:23
240,3006,C3:8
241,3325,C16:2
309,3314,C15:16
263,2970,C1:22
222,3054,C5:6
269,3250,C13:2
398,3350,C17:2
400,3275,C14:2
393,3228,C12:5
394,3241,C12:18
345,3400,C19:2
341,3045,C4:22
302,3171,C9:23
348,3240,C12:17
350,3066,C5:18
284,3112,C7:14
225,3377,C18:4
245,2970,C1:22
300,3296,C14:23
253,3284,C14:11
352,3217,C11:19
339,2992,C2:19
211,3377,C18:4
240,3031,C4:8
384,3376,C18:3
312,2931,C0:8
266,3217,C11:19
364,3312,C15:14
253,3259,C13:11
324,3475,C22:2
328,3436,C20:13
316,3196,C10:23
322,2983,C2:10
360,3384,C18:11
348,3265,C13:17
338,3471,C21:23
206,3330,C16:7
352,3242,C12:19
252,3054,C5:6
246,2938,C0:15
285,3396,C18:23
270,3218,C11:20
342,3421,C19:23
308,3111,C7:13
275,3217,C11:19
363,3400,C19:2
266,3242,C12:19
361,3288,C14:15
227,3083,C6:10
257,2951,C1:3
302,3170,C9:22
375,3353,C17:5
228,3346,C16:23
273,3194,C10:21
225,3352,C17:4
391,3376,C18:3
244,3240,C12:17
247,3354,C17:6
376,3389,C18:16
338,3446,C20:23
336,3174,C10:1
307,3283,C14:10
349,3126,C8:3
344,3238,C12:15
254,3286,C14:13
275,3242,C12:19
360,3359,C17:11
284,3087,C6:14
346,3122,C7:24
373,2983,C2:10
377,3063,C5:15
279,3257,C13:9
310,3079,C6:6
205,3409,C19:11
343,3335,C16:12
331,3314,C15:16
247,3329,C16:6
400,3250,C13:2
349,3151,C9:3
229,3290,C14:17
389,3083,C6:10
244,3265,C13:17
217,3017,C3:19
315,3505,C23:7
269,3225,C12:2
294,3171,C9:23
273,3219,C11:21
395,3092,C6:19
238,2937,C0:14
347,3440,C20:17
396,2999,C3:1
298,3307,C15:9
296,3401,C19:3
343,3310,C15:12
320,3099,C7:1
267,3545,C24:22
212,3079,C6:6
316,3171,C9:23
204,3288,C14:15
243,3145,C8:22
399,3311,C15:13
398,3375,C18:2
322,2958,C1:10
237,3424,C20:1
215,2982,C2:9
217,2992,C2:19
372,3145,C8:22
263,2945,C0:22
341,3020,C3:22
284,3062,C5:14
302,3145,C8:22
277,3359,C17:11
207,3330,C16:7
357,3246,C12:23
315,3530,C24:7
309,3313,C15:15
318,3304,C15:6
381,3313,C15:15
285,3371,C17:23
245,2945,C0:22
256,2926,C0:3
365,3285,C14:12
233,3120,C7:22
269,3224,C12:1
208,3194,C10:21
337,3389,C18:16
228,3321,C15:23
300,3271,C13:23
260,3251,C13:3
316,3170,C9:22
377,3038,C4:15
296,3376,C18:3
301,3330,C16:7
392,3306,C15:8
291,3149,C9:1
365,3260,C13:12
246,2937,C0:14
237,3399,C19:1
298,3282,C14:9
353,3375,C18:2
400,3225,C12:2
306,3354,C17:6
335,3314,C15:16
336,3199,C11:1
332,3250,C13:2
208,3219,C11:21
342,3396,C18:23
222,3079,C6:6
283,3236,C12:13
310,3104,C7:6
290,3112,C7:14
293,3001,C3:3
392,3331,C16:8
297,3313,C15:15
210,3384,C18:11
209,3535,C24:12
378,3286,C14:13
355,3401,C19:3
306,3329,C16:6
223,3400,C19:2
294,3196,C10:23
221,3194,C10:21
289,3282,C14:9
373,2958,C1:10
226,3312,C15:14
265,3353,C17:5
344,3263,C13:15
302,3120,C7:22
318,3279,C14:6
268,3250,C13:2
320,3074,C6:1
400,3224,C12:1
295,3259,C13:11
331,3313,C15:15
299,3150,C9:2
213,3286,C14:13
239,3087,C6:14
316,3145,C8:22
232,3269,C13:21
358,3307,C15:9
321,3250,C13:2
345,3401,C19:3
295,3284,C14:11
374,2995,C2:22
390,3361,C17:13
325,3377,C18:4
220,3150,C9:2
377,3013,C3:15
221,3219,C11:21
269,3199,C11:1
322,2933,C0:10
291,3174,C10:1
394,3240,C12:17
285,3346,C16:23
260,3276,C14:3
393,3227,C12:4
228,3296,C14:23
290,3087,C6:14
212,3104,C7:6
240,3030,C4:7
355,3376,C18:3
398,3400,C19:2
368,3124,C8:1
346,3147,C8:24
226,3287,C14:14
329,3262,C13:14
329,3237,C12:14
305,3505,C23:7
341,2995,C2:22
289,3307,C15:9
215,3007,C3:9
394,3265,C13:17
352,3241,C12:18
338,3447,C20:24
273,3218,C11:20
367,3291,C14:18
325,3352,C17:4
270,3217,C11:19
390,3336,C16:13
302,3095,C6:22
240,3055,C5:7
393,3252,C13:4
384,3377,C18:4
340,3424,C20:1
266,3241,C12:18
357,3221,C11:23
345,3376,C18:3
332,3225,C12:2
216,3494,C22:21
396,3024,C4:1
300,3246,C12:23
366,3361,C17:13
336,3224,C12:1
270,3242,C12:19
348,3264,C13:16
358,3282,C14:9
303,3018,C3:20
305,3530,C24:7
253,3260,C13:12
288,3093,C6:20
241,3300,C15:2
384,3352,C17:4
316,3120,C7:22
400,3199,C11:1
363,3401,C19:3
324,3450,C21:2
287,3376,C18:3
284,3063,C5:15
346,3172,C9:24
275,3241,C12:18
253,3285,C14:12
342,3371,C17:23
340,3399,C19:1
242,3204,C11:6
399,3312,C15:14
399,3287,C14:14
366,3336,C16:13
290,3062,C5:14
254,3285,C14:12
205,3384,C18:11
377,2988,C2:15
288,3068,C5:20
210,3409,C19:11
382,3286,C14:13
320,3049,C5:1
232,3244,C12:21
269,3174,C10:1
337,3364,C17:16
257,2976,C2:3
285,3321,C15:23
228,3271,C13:23
254,3260,C13:12
359,3069,C5:21
214,2945,C0:22
317,3126,C8:3
344,3288,C14:15
349,3150,C9:2
332,3224,C12:1
206,3329,C16:6
372,3170,C9:22
316,3095,C6:22
222,3104,C7:6
343,3311,C15:13
363,3376,C18:3
308,3112,C7:14
338,3422,C19:24
291,3199,C11:1
376,3364,C17:16
353,3400,C19:2
373,2933,C0:10
247,3330,C16:7
302,3070,C5:22
341,2970,C1:22
374,2970,C1:22
206,3354,C17:6
230,3203,C11:5
400,3174,C10:1
365,3259,C13:11
296,3377,C18:4
317,3151,C9:3
287,3401,C19:3
365,3284,C14:11
336,3249,C13:1
377,2963,C1:15
391,3377,C18:4
309,3288,C14:15
284,3038,C4:15
360,3360,C17:12
218,3312,C15:14
296,3352,C17:4
233,3145,C8:22
300,3221,C11:23
307,3282,C14:9
383,3526,C24:3
304,3166,C9:18
269,3149,C9:1
362,3376,C18:3
303,3043,C4:20
364,3286,C14:13
203,3259,C13:11
391,3352,C17:4
308,3087,C6:14
228,3246,C12:23
244,3264,C13:16
202,3240,C12:17
285,3296,C14:23
261,3345,C16:22
293,3026,C4:3
320,3024,C4:1
316,3070,C5:22
224,3232,C12:9
342,3346,C16:23
203,3284,C14:11
302,3045,C4:22
299,3149,C9:1
336,3250,C13:2
338,3421,C19:23
332,3199,C11:1
265,3354,C17:6
204,3287,C14:14
377,2938,C0:15
210,3434,C20:11
400,3149,C9:1
396,3049,C5:1
307,3307,C15:9
331,3288,C14:15
372,3171,C9:23
239,3112,C7:14
265,3329,C16:6
314,3334,C16:11
220,3149,C9:1
352,3240,C12:17
304,3141,C8:18
306,3330,C16:7
240,3054,C5:6
208,3218,C11:20
361,3313,C15:15
204,3312,C15:14
394,3264,C13:16
355,3377,C18:4
291,3224,C12:1
321,3225,C12:2
273,3217,C11:19
211,3376,C18:3
295,3283,C14:10
218,3287,C14:14
284,3013,C3:15
341,2945,C0:22
369,3215,C11:17
294,3170,C9:22
352,3265,C13:17
343,3287,C14:14
343,3312,C15:14
393,3251,C13:3
387,3263,C13:15
224,3257,C13:9
270,3241,C12:18
273,3242,C12:19
289,3306,C15:8
355,3352,C17:4
308,3062,C5:14
266,3240,C12:17
370,3346,C16:23
398,3401,C19:3
269,3124,C8:1
333,3228,C12:5
345,3377,C18:4
337,3339,C16:16
243,3171,C9:23
298,3283,C14:10
236,3111,C7:13
290,3063,C5:15
299,3174,C10:1
316,3045,C4:22
228,3221,C11:23
357,3220,C11:22
374,2945,C0:22
225,3353,C17:5
310,3103,C7:5
217,3018,C3:20
248,3286,C14:13
302,3020,C3:22
347,3439,C20:16
392,3330,C16:7
202,3265,C13:17
285,3271,C13:23
289,3331,C16:8
266,3265,C13:17
345,3352,C17:4
348,3263,C13:15
399,3286,C14:13
381,3288,C14:15
240,3079,C6:6
393,3276,C14:3
384,3353,C17:5
380,3418,C19:20
400,3124,C8:1
300,3196,C10:23
319,3235,C12:12
320,2999,C3:1
327,3334,C16:11
275,3240,C12:17
207,3329,C16:6
378,3285,C14:12
220,3174,C10:1
213,3312,C15:14
288,3118,C7:20
205,3359,C17:11
348,3288,C14:15
387,3288,C14:15
294,3195,C10:22
310,3128,C8:5
332,3174,C10:1
221,3218,C11:20
336,3275,C14:2
353,3425,C20:2
277,3384,C18:11
367,3290,C14:17
338,3396,C18:23
349,3149,C9:1
398,3376,C18:3
275,3265,C13:17
395,3093,C6:20
378,3260,C13:12
362,3401,C19:3
253,3286,C14:13
342,3321,C15:23
213,3287,C14:14
210,3435,C20:12
254,3259,C13:11
264,3376,C18:3
211,3401,C19:3
237,3400,C19:2
357,3245,C12:22
241,3275,C14:2
207,3354,C17:6
301,3331,C16:8
316,3020,C3:22
284,2988,C2:15
367,3315,C15:17
254,3284,C14:11
268,3225,C12:2
240,3104,C7:6
346,3171,C9:23
269,3099,C7:1
302,2995,C2:22
257,3001,C3:3
335,3315,C15:17
375,3354,C17:6
291,3249,C13:1
325,3353,C17:5
377,2937,C0:14
228,3196,C10:23
315,3529,C24:6
243,3196,C10:23
320,2998,C3:0
395,3068,C5:20
290,3038,C4:15
299,3199,C11:1
365,3283,C14:10
368,3149,C9:1
285,3246,C12:23
301,3306,C15:8
400,3099,C7:1
297,3288,C14:15
303,3068,C5:20
363,3377,C18:4
349,3174,C10:1
296,3353,C17:5
333,3203,C11:5
358,3283,C14:10
217,3043,C4:20
383,3501,C23:3
321,3224,C12:1
335,3290,C14:17
396,3074,C6:1
223,3375,C18:2
247,3331,C16:8
363,3352,C17:4
344,3264,C13:16
375,3329,C16:6
220,3199,C11:1
343,3286,C14:13
311,3104,C7:6
316,2995,C2:22
332,3149,C9:1
233,3170,C9:22
336,3300,C15:2
390,3337,C16:14
291,3250,C13:2
284,2963,C1:15
247,3306,C15:8
302,2970,C1:22
288,3143,C8:20
206,3353,C17:5
338,3371,C17:23
366,3337,C16:14
293,3051,C5:3
269,3074,C6:1
226,3288,C14:15
212,3103,C7:5
372,3196,C10:23
400,3074,C6:1
305,3529,C24:6
228,3171,C9:23
394,3263,C13:15
342,3296,C14:23
265,3330,C16:7
352,3264,C13:16
287,3400,C19:2
285,3221,C11:23
210,3460,C21:12
308,3063,C5:15
270,3240,C12:17
299,3224,C12:1
273,3241,C12:18
290,3013,C3:15
394,3288,C14:15
226,3263,C13:15
309,3287,C14:14
360,3361,C17:13
316,2970,C1:22
295,3282,C14:9
320,2973,C2:0
349,3199,C11:1
270,3265,C13:17
355,3353,C17:5
212,3128,C8:5
284,2938,C0:15
347,3414,C19:16
340,3400,C19:2
228,3170,C9:22
302,2945,C0:22
266,3264,C13:16
318,3280,C14:7
260,3275,C14:2
360,3336,C16:13
309,3312,C15:14
391,3353,C17:5
244,3263,C13:15
353,3450,C21:2
306,3331,C16:8
345,3353,C17:5
242,3205,C11:7
393,3275,C14:2
220,3224,C12:1
383,3500,C23:2
262,3238,C12:15
264,3401,C19:3
269,3049,C5:1
332,3124,C8:1
336,3325,C16:2
295,3307,C15:9
400,3049,C5:1
364,3285,C14:12
240,3103,C7:5
208,3217,C11:19
306,3306,C15:8
384,3354,C17:6
382,3312,C15:14
289,3330,C16:7
244,3288,C14:15
291,3275,C14:2
324,3449,C21:1
348,3287,C14:14
338,3346,C16:23
288,3168,C9:20
216,3495,C22:22
331,3287,C14:14
307,3306,C15:8
300,3195,C10:22
240,3128,C8:5
275,3264,C13:16
316,2945,C0:22
364,3260,C13:12
233,3171,C9:23
384,3329,C16:6
208,3242,C12:19
285,3196,C10:23
268,3224,C12:1
348,3312,C15:14
334,3069,C5:21
303,3093,C6:20
217,3068,C5:20
299,3249,C13:1
396,3099,C7:1
382,3287,C14:14
331,3312,C15:14
307,3331,C16:8
308,3038,C4:15
252,3055,C5:7
320,2948,C1:0
342,3271,C13:23
290,2988,C2:15
349,3224,C12:1
365,3282,C14:9
346,3170,C9:22
254,3283,C14:10
228,3145,C8:22
216,3470,C21:22
398,3377,C18:4
204,3286,C14:13
370,3321,C15:23
293,3052,C5:4
210,3485,C22:12
317,3150,C9:2
253,3312,C15:14
231,3199,C11:1
392,3329,C16:6
269,3024,C4:1
400,3024,C4:1
399,3285,C14:12
296,3354,C17:6
298,3284,C14:11
241,3250,C13:2
398,3352,C17:4
257,3026,C4:3
288,3169,C9:21
213,3288,C14:15
365,3307,C15:9
332,3099,C7:1
336,3350,C17:2
253,3287,C14:14
287,3375,C18:2
220,3249,C13:1
221,3217,C11:19
299,3250,C13:2
320,2923,C0:0
298,3259,C13:11
215,3006,C3:8
367,3314,C15:16
386,2944,C0:21
296,3329,C16:6
399,3260,C13:12
392,3354,C17:6
372,3221,C11:23
321,3199,C11:1
243,3170,C9:22
213,3263,C13:15
343,3285,C14:12
221,3242,C12:19
338,3321,C15:23
285,3171,C9:23
357,3244,C12:21
291,3300,C15:2
378,3259,C13:11
284,2937,C0:14
343,3260,C13:12
363,3353,C17:5
361,3314,C15:16
252,3030,C4:7
222,3103,C7:5
352,3263,C13:15
378,3284,C14:11
203,3283,C14:10
290,2963,C1:15
228,3120,C7:22
220,3250,C13:2
400,2999,C3:1
247,3307,C15:9
349,3249,C13:1
273,3240,C12:17
223,3350,C17:2
242,3230,C12:7
357,3269,C13:21
325,3354,C17:6
269,2999,C3:1
308,3013,C3:15
394,3287,C14:14
352,3288,C14:15
393,3250,C13:2
211,3400,C19:2
310,3127,C8:4
265,3331,C16:8
243,3195,C10:22
380,3393,C18:20
270,3264,C13:16
353,3475,C22:2
329,3238,C12:15
215,3031,C4:8
359,3070,C5:22
237,3401,C19:3
330,2990,C2:17
273,3265,C13:17
285,3170,C9:22
342,3246,C12:23
394,3312,C15:14
347,3389,C18:16
265,3306,C15:8
225,3354,C17:6
206,3352,C17:4
325,3329,C16:6
266,3263,C13:15
355,3354,C17:6
332,3074,C6:1
336,3375,C18:2
210,3510,C23:12
277,3409,C19:11
299,3275,C14:2
368,3174,C10:1
247,3282,C14:9
222,3128,C8:5
207,3353,C17:5
345,3354,C17:6
400,2998,C3:0
337,3314,C15:16
358,3284,C14:11
383,3475,C22:2
349,3250,C13:2
288,3194,C10:21
217,3093,C6:20
266,3288,C14:15
318,3305,C15:7
228,3095,C6:22
355,3329,C16:6
206,3377,C18:4
269,2998,C3:0
358,3259,C13:11
396,3124,C8:1
295,3306,C15:8
340,3375,C18:2
303,3118,C7:20
205,3334,C16:11
345,3329,C16:6
283,3262,C13:14
283,3237,C12:14
225,3329,C16:6
290,2938,C0:15
240,3127,C8:4
338,3296,C14:23
301,3307,C15:9
311,3079,C6:6
295,3331,C16:8
291,3325,C16:2
381,3287,C14:14
393,3225,C12:2
275,3263,C13:15
366,3338,C16:15
287,3350,C17:2
344,3265,C13:17
386,2970,C1:22
288,3219,C11:21
237,3376,C18:3
289,3329,C16:6
220,3275,C14:2
384,3330,C16:7
306,3307,C15:9
285,3145,C8:22
275,3288,C14:15
314,3335,C16:12
390,3338,C16:15
346,3196,C10:23
308,2988,C2:15
242,3255,C13:7
289,3354,C17:6
335,3291,C14:18
315,3528,C24:5
400,2973,C2:0
366,3313,C15:15
233,3196,C10:23
224,3258,C13:10
348,3286,C14:13
395,3069,C5:21
254,3282,C14:9
344,3240,C12:17
360,3337,C16:14
381,3312,C15:14
299,3300,C15:2
332,3049,C5:1
320,2924,C0:1
365,3306,C15:8
367,3313,C15:15
391,3354,C17:6
336,3400,C19:2
293,3077,C6:4
342,3221,C11:23
393,3224,C12:1
269,2973,C2:0
301,3282,C14:9
349,3275,C14:2
306,3282,C14:9
390,3313,C15:15
235,3151,C9:3
365,3331,C16:8
305,3528,C24:5
208,3241,C12:18
296,3330,C16:7
314,3310,C15:12
300,3194,C10:21
309,3286,C14:13
228,3070,C5:22
210,3535,C24:12
244,3287,C14:14
391,3329,C16:6
254,3307,C15:9
211,3375,C18:2
253,3288,C14:15
338,3271,C13:23
257,3051,C5:3
387,3287,C14:14
262,3263,C13:15
300,3219,C11:21
362,3400,C19:2
386,2995,C2:22
400,2948,C1:0
330,3015,C3:17
353,3500,C23:2
321,3174,C10:1
244,3312,C15:14
291,3350,C17:2
285,3120,C7:22
398,3353,C17:5
241,3225,C12:2
220,3300,C15:2
364,3259,C13:11
226,3264,C13:16
253,3263,C13:15
352,3287,C14:14
343,3259,C13:11
217,3118,C7:20
259,3263,C13:15
260,3250,C13:2
270,3263,C13:15
343,3284,C14:11
308,2963,C1:15
307,3330,C16:7
364,3284,C14:11
273,3264,C13:16
269,2948,C1:0
352,3312,C15:14
331,3286,C14:13
294,3194,C10:21
204,3285,C14:12
400,2923,C0:0
370,3296,C14:23
376,3363,C17:15
371,3127,C8:4
299,3325,C16:2
340,3350,C17:2
268,3199,C11:1
393,3199,C11:1
363,3354,C17:6
347,3364,C17:16
332,3024,C4:1
276,2944,C0:21
396,3149,C9:1
297,3287,C14:14
270,3288,C14:15
375,3330,C16:7
359,3095,C6:22
387,3312,C15:14
329,3263,C13:15
265,3307,C15:9
213,3264,C13:16
349,3300,C15:2
204,3260,C13:12
394,3286,C14:13
303,3143,C8:20
287,3325,C16:2
228,3045,C4:22
399,3259,C13:11
383,3450,C21:2
363,3329,C16:6
372,3220,C11:22
269,2923,C0:0
392,3353,C17:5
290,2937,C0:14
235,3126,C8:3
285,3095,C6:22
399,3284,C14:11
266,3287,C14:14
298,3260,C13:12
221,3241,C12:18
229,3291,C14:18
294,3219,C11:21
265,3282,C14:9
355,3330,C16:7
240,3126,C8:3
223,3325,C16:2
345,3330,C16:7
297,3312,C15:14
266,3312,C15:14
298,3285,C14:12
386,3020,C3:22
338,3246,C12:23
382,3288,C14:15
346,3221,C11:23
247,3283,C14:10
212,3127,C8:4
240,3151,C9:3
220,3325,C16:2
308,2938,C0:15
317,3149,C9:1
288,3218,C11:20
291,3375,C18:2
224,3283,C14:10
219,3300,C15:2
318,3330,C16:7
295,3330,C16:7
378,3283,C14:10
393,3174,C10:1
299,3350,C17:2
357,3268,C13:20
382,3263,C13:15
332,2999,C3:1
275,3287,C14:14
384,3331,C16:8
206,3376,C18:3
228,3020,C3:22
349,3325,C16:2
233,3221,C11:23
342,3220,C11:22
367,3288,C14:15
372,3245,C12:22
325,3330,C16:7
323,3417,C19:19
384,3306,C15:8
275,3312,C15:14
321,3149,C9:1
211,3350,C17:2
249,3092,C6:19
348,3285,C14:12
257,3052,C5:4
259,3288,C14:15
241,3224,C12:1
327,3335,C16:12
336,3401,C19:3
289,3353,C17:5
365,3330,C16:7
293,3102,C7:4
400,2924,C0:1
219,3275,C14:2
310,3126,C8:3
361,3339,C16:16
348,3260,C13:12
248,3312,C15:14
296,3331,C16:8
217,3143,C8:20
285,3070,C5:22
353,3525,C24:2
232,3245,C12:22
358,3260,C13:12
386,3045,C4:22
368,3199,C11:1
254,3306,C15:8
216,3471,C21:23
206,3401,C19:3
296,3306,C15:8
304,3167,C9:19
338,3221,C11:23
340,3325,C16:2
332,2998,C3:0
320,2925,C0:2
342,3245,C12:22
287,3300,C15:2
220,3350,C17:2
310,3151,C9:3
306,3283,C14:10
358,3285,C14:12
254,3331,C16:8
393,3149,C9:1
260,3225,C12:2
336,3376,C18:3
269,2924,C0:1
228,2995,C2:22
299,3375,C18:2
317,3174,C10:1
291,3400,C19:2
207,3352,C17:4
327,3310,C15:12
273,3263,C13:15
242,3231,C12:8
303,3168,C9:20
349,3350,C17:2
216,3446,C20:23
311,3054,C5:6
203,3282,C14:9
270,3287,C14:14
360,3338,C16:15
208,3240,C12:17
248,3287,C14:14
347,3339,C16:16
324,3423,C20:0
352,3286,C14:13
218,3288,C14:15
339,2991,C2:18
277,3434,C20:11
273,3288,C14:15
253,3264,C13:16
343,3283,C14:10
394,3285,C14:12
270,3312,C15:14
207,3377,C18:4
398,3354,C17:6
346,3246,C12:23
366,3314,C15:16
208,3265,C13:17
359,3120,C7:22
360,3313,C15:15
285,3045,C4:22
383,3425,C20:2
394,3260,C13:12
362,3375,C18:2
237,3377,C18:4
309,3285,C14:12
329,3288,C14:15
391,3330,C16:7
337,3315,C15:17
386,3070,C5:22
210,3534,C24:11
398,3329,C16:6
300,3218,C11:20
353,3526,C24:3
225,3330,C16:7
265,3283,C14:10
309,3260,C13:12
345,3331,C16:8
393,3124,C8:1
344,3241,C12:18
332,2973,C2:0
240,3150,C9:2
355,3331,C16:8
338,3196,C10:23
228,2970,C1:22
220,3375,C18:2
308,2937,C0:14
363,3330,C16:7
203,3307,C15:9
237,3352,C17:4
266,3286,C14:13
264,3400,C19:2
337,3290,C14:17
299,3400,C19:2
345,3306,C15:8
335,3292,C14:19
213,3265,C13:17
390,3314,C15:16
227,3059,C5:11
355,3306,C15:8
349,3375,C18:2
293,3127,C8:4
260,3224,C12:1
331,3285,C14:12
211,3325,C16:2
244,3286,C14:13
307,3329,C16:6
301,3283,C14:10
217,3168,C9:20
303,3169,C9:21
214,3070,C5:22
213,3240,C12:17
295,3329,C16:6
370,3271,C13:23
331,3260,C13:12
223,3300,C15:2
335,3267,C13:19
287,3275,C14:2
364,3283,C14:10
285,3020,C3:22
204,3259,C13:11
247,3284,C14:11
340,3300,C15:2
400,2925,C0:2
262,3288,C14:15
307,3354,C17:6
221,3240,C12:17
232,3220,C11:22
295,3354,C17:6
247,3259,C13:11
204,3284,C14:11
392,3352,C17:4
365,3329,C16:6
384,3307,C15:9
386,3095,C6:22
243,3194,C10:21
227,3084,C6:11
399,3283,C14:10
333,3204,C11:6
389,3059,C5:11
393,3099,C7:1
268,3174,C10:1
288,3217,C11:19
275,3286,C14:13
365,3354,C17:6
276,3020,C3:22
228,2945,C0:22
221,3265,C13:17
332,2948,C1:0
348,3259,C13:11
395,3070,C5:22
296,3307,C15:9
392,3377,C18:4
202,3264,C13:16
317,3199,C11:1
257,3077,C6:4
289,3352,C17:4
348,3284,C14:11
226,3265,C13:17
220,3400,C19:2
215,3030,C4:7
384,3282,C14:9
298,3286,C14:13
288,3242,C12:19
206,3400,C19:2
367,3287,C14:14
349,3400,C19:2
205,3335,C16:12
360,3314,C15:16
289,3377,C18:4
269,2925,C0:2
241,3199,C11:1
243,3219,C11:21
296,3282,C14:9
346,3271,C13:23
217,3169,C9:21
332,2923,C0:0
254,3330,C16:7
378,3282,C14:9
352,3285,C14:12
285,2995,C2:22
389,3084,C6:11
226,3240,C12:17
347,3314,C15:16
367,3312,C15:14
320,2926,C0:3
381,3286,C14:13
273,3287,C14:14
336,3377,C18:4
357,3267,C13:19
352,3260,C13:12
222,3127,C8:4
239,3111,C7:13
396,3150,C9:2
273,3312,C15:14
325,3331,C16:8
306,3284,C14:11
291,3401,C19:3
336,3352,C17:4
394,3259,C13:11
386,3120,C7:22
270,3286,C14:13
393,3074,C6:1
205,3310,C15:12
343,3282,C14:9
215,3055,C5:7
383,3400,C19:2
342,3244,C12:21
306,3259,C13:11
240,3149,C9:1
394,3284,C14:11
357,3292,C14:19
359,3145,C8:22
253,3265,C13:17
276,3045,C4:22
378,3307,C15:9
325,3306,C15:8
211,3300,C15:2
233,3220,C11:22
342,3269,C13:21
287,3250,C13:2
314,3311,C15:13
253,3240,C12:17
343,3307,C15:9
338,3195,C10:22
329,3313,C15:15
303,3194,C10:21
265,3284,C14:11
340,3275,C14:2
328,3435,C20:12
266,3285,C14:12
345,3307,C15:9
382,3264,C13:16
260,3199,C11:1
299,3401,C19:3
265,3259,C13:11
291,3376,C18:3
206,3375,C18:2
319,3234,C12:11
285,2970,C1:22
358,3286,C14:13
355,3307,C15:9
368,3224,C12:1
240,3174,C10:1
266,3260,C13:12
252,3031,C4:8
400,2926,C0:3
208,3264,C13:16
375,3331,C16:8
362,3350,C17:2
398,3330,C16:7
334,3070,C5:22
361,3364,C17:16
345,3282,C14:9
393,3049,C5:1
216,3447,C20:24
363,3331,C16:8
324,3424,C20:1
310,3150,C9:2
386,3145,C8:22
355,3282,C14:9
395,3095,C6:22
299,3376,C18:3
317,3224,C12:1
212,3126,C8:3
300,3217,C11:19
363,3306,C15:8
387,3311,C15:13
375,3306,C15:8
276,3070,C5:22
277,3435,C20:12
391,3331,C16:8
303,3219,C11:21
365,3353,C17:5
295,3353,C17:5
217,3194,C10:21
366,3315,C15:17
309,3259,C13:11
300,3242,C12:19
346,3296,C14:23
233,3245,C12:22
275,3285,C14:12
360,3288,C14:15
324,3399,C19:1
372,3244,C12:21
242,3232,C12:9
309,3284,C14:11
391,3306,C15:8
240,3199,C11:1
213,3241,C12:18
268,3149,C9:1
261,3346,C16:23
247,3260,C13:12
321,3150,C9:2
332,2924,C0:1
285,2945,C0:22
212,3151,C9:3
275,3260,C13:12
269,2926,C0:3
223,3275,C14:2
252,3006,C3:8
207,3376,C18:3
360,3263,C13:15
366,3290,C14:17
349,3401,C19:3
384,3283,C14:10
348,3283,C14:10
220,3401,C19:3
283,3238,C12:15
244,3285,C14:12
247,3285,C14:12
296,3283,C14:10
206,3350,C17:2
393,3024,C4:1
257,3102,C7:4
331,3259,C13:11
352,3259,C13:11
242,3257,C13:9
297,3286,C14:13
287,3225,C12:2
264,3375,C18:2
372,3269,C13:21
347,3313,C15:15
352,3284,C14:11
294,3218,C11:20
244,3260,C13:12
289,3376,C18:3
331,3284,C14:11
254,3329,C16:6
344,3242,C12:19
217,3219,C11:21
370,3246,C12:23
270,3285,C14:12
211,3275,C14:2
349,3376,C18:3
399,3282,C14:9
307,3353,C17:5
328,3460,C21:12
364,3282,C14:9
340,3250,C13:2
224,3284,C14:11
383,3375,C18:2
204,3283,C14:10
273,3286,C14:13
254,3354,C17:6
220,3376,C18:3
390,3315,C15:17
221,3264,C13:16
270,3260,C13:12
276,3095,C6:22
394,3283,C14:10
237,3353,C17:5
288,3241,C12:18
344,3217,C11:19
241,3174,C10:1
240,3224,C12:1
392,3376,C18:3
380,3394,C18:21
359,3170,C9:22
376,3362,C17:14
224,3259,C13:11
207,3401,C19:3
289,3401,C19:3
336,3353,C17:5
386,3171,C9:23
225,3331,C16:8
390,3290,C14:17
216,3422,C19:24
260,3174,C10:1
279,3258,C13:10
343,3306,C15:8
399,3307,C15:9
301,3284,C14:11
393,2999,C3:1
262,3313,C15:15
306,3260,C13:12
203,3306,C15:8
367,3286,C14:13
364,3307,C15:9
266,3259,C13:11
230,3204,C11:6
265,3260,C13:12
335,3268,C13:20
301,3259,C13:11
253,3241,C12:18
337,3291,C14:18
343,3331,C16:8
225,3306,C15:8
266,3284,C14:11
386,3196,C10:23
306,3285,C14:12
395,3120,C7:22
206,3325,C16:2
317,3249,C13:1
265,3285,C14:12
298,3312,C15:14
392,3401,C19:3
329,3314,C15:16
345,3283,C14:10
293,3126,C8:3
203,3331,C16:8
338,3194,C10:21
346,3321,C15:23
240,3249,C13:1
355,3283,C14:10
276,3120,C7:22
393,2998,C3:0
298,3287,C14:14
380,3369,C17:21
291,3377,C18:4
325,3307,C15:9
338,3219,C11:21
365,3352,C17:4
342,3268,C13:20
378,3306,C15:8
299,3377,C18:4
357,3291,C14:18
398,3331,C16:8
376,3387,C18:14
365,3377,C18:4
362,3325,C16:2
257,3127,C8:4
208,3263,C13:15
291,3352,C17:4
293,3151,C9:3
363,3307,C15:9
359,3171,C9:23
299,3352,C17:4
295,3352,C17:4
240,3250,C13:2
378,3331,C16:8
398,3306,C15:8
369,3216,C11:18
275,3259,C13:11
340,3225,C12:2
226,3241,C12:18
388,2944,C0:21
211,3250,C13:2
295,3377,C18:4
208,3288,C14:15
275,3284,C14:11
317,3250,C13:2
325,3282,C14:9
348,3282,C14:9
318,3331,C16:8
296,3284,C14:11
260,3149,C9:1
386,3170,C9:22
352,3283,C14:10
384,3284,C14:11
360,3264,C13:16
363,3282,C14:9
296,3259,C13:11
206,3300,C15:2
384,3259,C13:11
332,2925,C0:2
396,3151,C9:3
216,3421,C19:23
334,3095,C6:22
241,3149,C9:1
386,3195,C10:22
368,3249,C13:1
358,3312,C15:14
393,2973,C2:0
310,3149,C9:1
270,3259,C13:11
273,3285,C14:12
276,3145,C8:22
218,3313,C15:15
383,3350,C17:2
394,3282,C14:9
348,3307,C15:9
213,3242,C12:19
270,3284,C14:11
247,3286,C14:13
214,3071,C5:23
223,3250,C13:2
300,3241,C12:18
283,3263,C13:15
273,3260,C13:12
289,3400,C19:2
349,3377,C18:4
254,3353,C17:5
358,3287,C14:14
396,3126,C8:3
240,3275,C14:2
391,3307,C15:9
381,3285,C14:12
213,3217,C11:19
303,3218,C11:20
318,3306,C15:8
382,3265,C13:17
349,3352,C17:4
394,3307,C15:9
309,3283,C14:10
220,3377,C18:4
304,3168,C9:20
395,3145,C8:22
248,3288,C14:15
340,3224,C12:1
281,2926,C0:3
214,3096,C6:23
361,3389,C18:16
327,3311,C15:13
381,3260,C13:12
220,3352,C17:4
336,3354,C17:6
346,3346,C16:23
292,3526,C24:3
382,3240,C12:17
217,3218,C11:20
244,3259,C13:11
393,2948,C1:0
266,3283,C14:10
369,3191,C10:18
391,3282,C14:9
366,3291,C14:18
331,3283,C14:10
370,3221,C11:23
288,3240,C12:17
336,3329,C16:6
244,3284,C14:11
343,3330,C16:7
310,3174,C10:1
265,3286,C14:13
206,3275,C14:2
221,3263,C13:15
232,3221,C11:23
345,3284,C14:11
253,3242,C12:19
236,3110,C7:12
204,3282,C14:9
235,3127,C8:4
243,3218,C11:20
319,3259,C13:11
240,3300,C15:2
307,3352,C17:4
345,3259,C13:11
264,3350,C17:2
288,3265,C13:17
289,3375,C18:2
393,2923,C0:0
329,3339,C16:16
248,3263,C13:15
277,3460,C21:12
253,3217,C11:19
221,3288,C14:15
367,3285,C14:12
355,3284,C14:11
392,3400,C19:2
306,3286,C14:13
211,3225,C12:2
242,3258,C13:10
365,3376,C18:3
355,3259,C13:11
307,3377,C18:4
399,3306,C15:8
205,3311,C15:13
367,3260,C13:12
292,3501,C23:3
207,3400,C19:2
215,3054,C5:6
276,3171,C9:23
204,3307,C15:9
314,3312,C15:14
399,3331,C16:8
359,3196,C10:23
364,3306,C15:8
299,3353,C17:5
338,3218,C11:20
352,3282,C14:9
368,3250,C13:2
347,3288,C14:15
344,3218,C11:20
365,3401,C19:3
259,3313,C15:15
375,3307,C15:9
237,3354,C17:6
216,3396,C18:23
275,3283,C14:10
295,3376,C18:3
222,3126,C8:3
296,3260,C13:12
240,3325,C16:2
276,3196,C10:23
398,3307,C15:9
364,3331,C16:8
292,3500,C23:2
390,3291,C14:18
296,3285,C14:12
362,3300,C15:2
352,3307,C15:9
291,3353,C17:5
342,3267,C13:19
206,3250,C13:2
384,3260,C13:12
314,3287,C14:14
270,3283,C14:10
212,3150,C9:2
289,3350,C17:2
383,3325,C16:2
273,3259,C13:11
340,3199,C11:1
237,3329,C16:6
395,3170,C9:22
348,3306,C15:8
229,3292,C14:19
273,3284,C14:11
384,3285,C14:12
386,3194,C10:21
298,3288,C14:15
332,2926,C0:3
363,3283,C14:10
211,3224,C12:1
295,3401,C19:3
281,2925,C0:2
342,3292,C14:19
394,3306,C15:8
208,3287,C14:14
346,3371,C17:23
310,3199,C11:1
348,3331,C16:8
398,3282,C14:9
357,3290,C14:17
222,3151,C9:3
387,3310,C15:12
301,3260,C13:12
386,3219,C11:21
254,3352,C17:4
392,3375,C18:2
261,3321,C15:23
335,3269,C13:21
394,3331,C16:8
298,3263,C13:15
242,3283,C14:10
372,3268,C13:20
208,3312,C15:14
375,3282,C14:9
349,3353,C17:5
378,3330,C16:7
225,3307,C15:9
254,3377,C18:4
357,3315,C15:17
240,3350,C17:2
233,3244,C12:21
301,3285,C14:12
325,3283,C14:10
202,3263,C13:15
360,3265,C13:17
223,3225,C12:2
393,2924,C0:1
266,3282,C14:9
247,3312,C15:14
292,3475,C22:2
337,3292,C14:19
207,3425,C20:2
335,3244,C12:21
387,3335,C16:12
283,3288,C14:15
297,3285,C14:12
215,3079,C6:6
300,3240,C12:17
276,3170,C9:22
213,3218,C11:20
247,3287,C14:14
360,3240,C12:17
371,3126,C8:3
220,3353,C17:5
289,3325,C16:2
321,3151,C9:3
395,3171,C9:23
343,3329,C16:6
206,3225,C12:2
345,3260,C13:12
266,3307,C15:9
324,3400,C19:2
229,3267,C13:19
334,3120,C7:22
233,3269,C13:21
337,3267,C13:19
336,3330,C16:7
276,3195,C10:22
265,3312,C15:14
388,2995,C2:22
300,3265,C13:17
203,3330,C16:7
345,3285,C14:12
297,3260,C13:12
365,3400,C19:2
343,3354,C17:6
225,3282,C14:9
202,3288,C14:15
309,3282,C14:9
358,3288,C14:15
265,3287,C14:14
218,3314,C15:16
355,3260,C13:12
329,3364,C17:16
294,3217,C11:19
240,3375,C18:2
226,3242,C12:19
260,3150,C9:2
330,3040,C4:17
253,3218,C11:20
321,3126,C8:3
355,3285,C14:12
292,3450,C21:2
224,3260,C13:12
304,3193,C10:20
358,3263,C13:15
392,3350,C17:2
216,3371,C17:23
340,3174,C10:1
331,3282,C14:9
391,3283,C14:10
206,3224,C12:1
310,3224,C12:1
359,3221,C11:23
288,3264,C13:16
226,3217,C11:19
352,3306,C15:8
309,3307,C15:9
299,3354,C17:6
275,3282,C14:9
244,3283,C14:10
231,3224,C12:1
306,3312,C15:14
211,3199,C11:1
370,3196,C10:23
294,3242,C12:19
289,3300,C15:2
270,3282,C14:9
224,3285,C14:12
367,3259,C13:11
352,3331,C16:8
366,3292,C14:19
346,3396,C18:23
281,2924,C0:1
295,3400,C19:2
296,3286,C14:13
268,3150,C9:2
371,3151,C9:3
257,3126,C8:3
221,3287,C14:14
383,3300,C15:2
299,3329,C16:6
367,3284,C14:11
365,3375,C18:2
306,3287,C14:14
338,3217,C11:19
273,3283,C14:10
317,3300,C15:2
235,3102,C7:4
214,3072,C5:24
214,3097,C6:24
331,3307,C15:9
279,3283,C14:10
275,3307,C15:9
240,3400,C19:2
333,3205,C11:7
396,3127,C8:4
270,3307,C15:9
219,3276,C14:3
207,3450,C21:2
221,3312,C15:14
366,3267,C13:19
223,3224,C12:1
361,3414,C19:16
307,3376,C18:3
384,3286,C14:13
264,3325,C16:2
317,3275,C14:2
338,3242,C12:19
205,3287,C14:14
205,3312,C15:14
292,3425,C20:2
204,3306,C15:8
215,3104,C7:6
232,3196,C10:23
394,3330,C16:7
382,3241,C12:18
217,3217,C11:19
348,3330,C16:7
399,3330,C16:7
303,3217,C11:19
327,3287,C14:14
327,3312,C15:14
388,3020,C3:22
257,3151,C9:3
362,3275,C14:2
252,3007,C3:9
291,3354,C17:6
386,3218,C11:20
363,3284,C14:11
204,3331,C16:8
236,3085,C6:12
340,3149,C9:1
363,3259,C13:11
254,3376,C18:3
293,3150,C9:2
349,3354,C17:6
398,3283,C14:10
206,3199,C11:1
246,2944,C0:21
392,3325,C16:2
217,3242,C12:19
291,3329,C16:6
395,3196,C10:23
393,2925,C0:2
289,3275,C14:2
365,3350,C17:2
295,3375,C18:2
305,3526,C24:3
303,3242,C12:19
307,3401,C19:3
241,3150,C9:2
277,3485,C22:12
349,3329,C16:6
266,3306,C15:8
262,3314,C15:16
381,3259,C13:11
342,3291,C14:18
364,3330,C16:7
310,3249,C13:1
266,3331,C16:8
344,3219,C11:21
246,2945,C0:22
292,3400,C19:2
254,3401,C19:3
381,3284,C14:11
345,3286,C14:13
220,3354,C17:6
249,3091,C6:18
247,3288,C14:15
208,3286,C14:13
343,3353,C17:5
390,3292,C14:19
265,3288,C14:15
336,3331,C16:8
276,3194,C10:21
344,3194,C10:21
283,3313,C15:15
281,2923,C0:0
298,3264,C13:16
216,3346,C16:23
220,3329,C16:6
211,3174,C10:1
339,2990,C2:17
213,3219,C11:21
247,3263,C13:15
346,3421,C19:23
355,3286,C14:13
378,3329,C16:6
265,3263,C13:15
336,3306,C15:8
365,3325,C16:2
329,3389,C18:16
276,3219,C11:21
325,3284,C14:11
357,3314,C15:16
237,3330,C16:7
207,3475,C22:2
390,3267,C13:19
289,3250,C13:2
253,3219,C11:21
246,2970,C1:22
295,3350,C17:2
359,3246,C12:23
213,3194,C10:21
325,3259,C13:11
360,3241,C12:18
352,3330,C16:7
310,3250,C13:2
206,3174,C10:1
378,3354,C17:6
311,3055,C5:7
388,3045,C4:22
240,3401,C19:3
252,2982,C2:9
253,3194,C10:21
281,2948,C1:0
300,3264,C13:16
292,3375,C18:2
392,3300,C15:2
287,3099,C7:1
273,3282,C14:9
376,3386,C18:13
239,3110,C7:12
270,3306,C15:8
212,3149,C9:1
219,3251,C13:3
296,3312,C15:14
275,3306,C15:8
242,3284,C14:11
299,3330,C16:7
270,3331,C16:8
334,3145,C8:22
305,3501,C23:3
335,3245,C12:22
296,3287,C14:14
301,3286,C14:13
273,3307,C15:9
240,3376,C18:3
242,3259,C13:11
394,3329,C16:6
275,3331,C16:8
246,2995,C2:22
243,3217,C11:19
288,3263,C13:15
365,3300,C15:2
315,3526,C24:3
218,3339,C16:16
395,3221,C11:23
304,3218,C11:20
306,3288,C14:15
394,3354,C17:6
348,3329,C16:6
206,3149,C9:1
281,2973,C2:0
309,3306,C15:8
384,3312,C15:14
288,3288,C14:15
211,3149,C9:1
295,3325,C16:2
376,3411,C19:13
391,3284,C14:11
289,3225,C12:2
358,3264,C13:16
367,3283,C14:10
330,3065,C5:17
347,3287,C14:14
244,3282,C14:9
306,3263,C13:15
386,3217,C11:19
292,3350,C17:2
391,3259,C13:11
348,3354,C17:6
338,3241,C12:18
384,3287,C14:14
202,3313,C15:15
393,2926,C0:3
243,3242,C12:19
223,3199,C11:1
309,3331,C16:8
254,3400,C19:2
331,3306,C15:8
386,3242,C12:19
246,3020,C3:22
335,3220,C11:22
318,3307,C15:9
363,3260,C13:12
372,3267,C13:19
280,2944,C0:21
362,3250,C13:2
349,3330,C16:7
266,3330,C16:7
207,3500,C23:2
331,3331,C16:8
314,3288,C14:15
392,3275,C14:2
347,3312,C15:14
305,3500,C23:2
337,3268,C13:20
225,3283,C14:10
383,3275,C14:2
244,3307,C15:9
363,3285,C14:12
289,3224,C12:1
365,3275,C14:2
375,3283,C14:10
388,3070,C5:22
221,3286,C14:13
212,3174,C10:1
398,3284,C14:11
281,2998,C3:0
311,3030,C4:7
216,3321,C15:23
291,3330,C16:7
261,3296,C14:23
203,3329,C16:6
399,3329,C16:6
398,3259,C13:11
287,3074,C6:1
345,3312,C15:14
366,3268,C13:20
397,2944,C0:21
295,3300,C15:2
214,3121,C7:23
264,3300,C15:2
227,3085,C6:12
372,3292,C14:19
280,2945,C0:22
343,3352,C17:4
307,3400,C19:2
204,3330,C16:7
226,3218,C11:20
292,3325,C16:2
246,3045,C4:22
345,3287,C14:14
399,3354,C17:6
265,3264,C13:16
343,3377,C18:4
205,3286,C14:13
352,3329,C16:6
340,3150,C9:2
254,3375,C18:2
203,3354,C17:6
281,2999,C3:1
248,3264,C13:16
333,3230,C12:7
336,3307,C15:9
359,3271,C13:23
355,3312,C15:14
220,3330,C16:7
342,3290,C14:17
329,3414,C19:16
352,3354,C17:6
397,2945,C0:22
361,3439,C20:16
276,3218,C11:20
387,3334,C16:11
365,3250,C13:2
247,3264,C13:16
260,3151,C9:3
208,3285,C14:12
355,3287,C14:14
342,3315,C15:17
222,3150,C9:2
315,3501,C23:3
289,3199,C11:1
395,3246,C12:23
270,3330,C16:7
297,3259,C13:11
396,3128,C8:5
364,3329,C16:6
273,3306,C15:8
246,3070,C5:22
382,3242,C12:19
208,3260,C13:12
336,3282,C14:9
240,3377,C18:4
318,3282,C14:9
253,3195,C10:22
346,3447,C20:24
280,2970,C1:22
324,3401,C19:3
283,3314,C15:16
214,3122,C7:24
296,3288,C14:15
392,3250,C13:2
273,3331,C16:8
317,3276,C14:3
380,3370,C17:22
297,3284,C14:11
292,3300,C15:2
249,3066,C5:18
240,3352,C17:4
295,3275,C14:2
213,3195,C10:22
299,3331,C16:8
275,3330,C16:7
281,3024,C4:1
260,3126,C8:3
389,3085,C6:12
394,3353,C17:5
364,3354,C17:6
296,3263,C13:15
239,3085,C6:12
382,3217,C11:19
396,3103,C7:5
217,3241,C12:18
298,3265,C13:17
299,3306,C15:8
235,3077,C6:4
207,3525,C24:2
388,3095,C6:22
254,3350,C17:2
305,3475,C22:2
233,3268,C13:20
238,2944,C0:21
307,3425,C20:2
360,3242,C12:19
397,2970,C1:22
277,3510,C23:12
206,3150,C9:2
339,3015,C3:17
300,3263,C13:15
357,3313,C15:15
325,3260,C13:12
365,3225,C12:2
246,3095,C6:22
298,3240,C12:17
287,3049,C5:1
348,3353,C17:5
344,3195,C10:22
378,3353,C17:5
360,3217,C11:19
325,3285,C14:12
384,3288,C14:15
280,2995,C2:22
327,3286,C14:13
300,3288,C14:15
321,3127,C8:4
357,3338,C16:15
317,3251,C13:3
303,3241,C12:18
289,3174,C10:1
315,3500,C23:2
238,2945,C0:22
281,3049,C5:1
266,3329,C16:6
212,3199,C11:1
384,3263,C13:15
386,3241,C12:18
292,3275,C14:2
216,3296,C14:23
306,3264,C13:16
390,3268,C13:20
367,3282,C14:9
224,3286,C14:13
344,3170,C9:22
338,3240,C12:17
215,3103,C7:5
365,3224,C12:1
295,3250,C13:2
288,3287,C14:14
266,3354,C17:6
349,3331,C16:8
237,3331,C16:8
334,3170,C9:22
294,3241,C12:18
246,3120,C7:22
324,3376,C18:3
338,3265,C13:17
397,2995,C2:22
293,3149,C9:1
207,3526,C24:3
349,3306,C15:8
254,3325,C16:2
392,3225,C12:2
223,3174,C10:1
288,3312,C15:14
335,3221,C11:23
310,3300,C15:2
363,3286,C14:13
218,3364,C17:16
237,3306,C15:8
345,3288,C14:15
367,3307,C15:9
362,3225,C12:2
391,3260,C13:12
280,3020,C3:22
289,3149,C9:1
310,3275,C14:2
358,3265,C13:17
312,2937,C0:14
381,3283,C14:10
265,3265,C13:17
281,3074,C6:1
215,3128,C8:5
352,3353,C17:5
309,3330,C16:7
238,2970,C1:22
395,3271,C13:23
345,3263,C13:15
398,3260,C13:12
343,3376,C18:3
370,3195,C10:22
391,3285,C14:12
211,3150,C9:2
307,3450,C21:2
359,3296,C14:23
242,3260,C13:12
265,3240,C12:17
292,3250,C13:2
291,3331,C16:8
358,3240,C12:17
244,3306,C15:8
398,3285,C14:12
388,3120,C7:22
246,3145,C8:22
270,3329,C16:6
365,3199,C11:1
331,3330,C16:7
253,3196,C10:23
305,3450,C21:2
221,3285,C14:12
355,3288,C14:15
295,3225,C12:2
329,3439,C20:16
242,3285,C14:12
291,3306,C15:8
270,3354,C17:6
392,3224,C12:1
220,3331,C16:8
397,3020,C3:22
368,3300,C15:2
276,3217,C11:19
244,3331,C16:8
287,3024,C4:1
273,3330,C16:7
214,3147,C8:24
240,3353,C17:5
221,3260,C13:12
343,3401,C19:3
355,3263,C13:15
301,3312,C15:14
227,3110,C7:12
257,3150,C9:2
333,3255,C13:7
254,3300,C15:2
280,3045,C4:22
394,3352,C17:4
247,3265,C13:17
220,3306,C15:8
281,3099,C7:1
276,3242,C12:19
336,3283,C14:10
275,3329,C16:6
204,3329,C16:6
296,3264,C13:16
399,3353,C17:5
213,3196,C10:23
238,2995,C2:22
250,2944,C0:21
346,3446,C20:23
394,3377,C18:4
202,3314,C15:16
366,3269,C13:21
368,3275,C14:2
246,3170,C9:22
247,3240,C12:17
301,3287,C14:14
295,3224,C12:1
275,3354,C17:6
299,3307,C15:9
264,3275,C14:2
353,3528,C24:5
292,3225,C12:2
315,3475,C22:2
204,3354,C17:6
344,3196,C10:23
208,3259,C13:11
365,3174,C10:1
366,3244,C12:21
293,3174,C10:1
346,3471,C21:23
342,3314,C15:16
283,3339,C16:16
208,3284,C14:11
214,3172,C9:24
246,3171,C9:23
397,3045,C4:22
212,3224,C12:1
253,3221,C11:23
335,3246,C12:23
348,3352,C17:4
216,3271,C13:23
250,2945,C0:22
314,3313,C15:15
334,3171,C9:23
299,3282,C14:9
280,3070,C5:22
241,3151,C9:3
281,3124,C8:1
313,2944,C0:21
307,3475,C22:2
348,3377,C18:4
362,3224,C12:1
337,3269,C13:21
381,3258,C13:10
225,3284,C14:11
292,3224,C12:1
223,3149,C9:1
254,3275,C14:2
266,3353,C17:5
238,3020,C3:22
384,3264,C13:16
389,3110,C7:12
206,3151,C9:3
386,3240,C12:17
226,3219,C11:21
365,3149,C9:1
344,3171,C9:23
388,3145,C8:22
392,3199,C11:1
225,3259,C13:11
395,3296,C14:23
340,3151,C9:3
289,3150,C9:2
386,3265,C13:17
295,3199,C11:1
305,3425,C20:2
206,3126,C8:3
313,2945,C0:22
364,3353,C17:5
349,3307,C15:9
337,3244,C12:21
213,3221,C11:23
246,3196,C10:23
306,3265,C13:17
352,3352,C17:4
241,3126,C8:3
287,2999,C3:1
226,3194,C10:21
300,3287,C14:14
369,3192,C10:19
397,3070,C5:22
250,2970,C1:22
360,3218,C11:20
281,3149,C9:1
280,3095,C6:22
345,3264,C13:16
352,3377,C18:4
312,2938,C0:15
306,3240,C12:17
340,3126,C8:3
298,3241,C12:18
338,3264,C13:16
253,3246,C12:23
396,3104,C7:6
383,3276,C14:3
325,3286,C14:13
203,3353,C17:5
349,3282,C14:9
387,3359,C17:11
378,3352,C17:4
359,3321,C15:23
300,3312,C15:14
343,3400,C19:2
268,3151,C9:3
238,3045,C4:22
265,3241,C12:18
380,3345,C16:22
292,3199,C11:1
260,3127,C8:4
375,3284,C14:11
357,3337,C16:14
232,3195,C10:22
254,3250,C13:2
270,3353,C17:5
367,3306,C15:8
372,3291,C14:18
246,3221,C11:23
363,3312,C15:14
273,3329,C16:6
347,3311,C15:13
243,3241,C12:18
240,3354,C17:6
378,3377,C18:4
375,3259,C13:11
382,3218,C11:20
217,3240,C12:17
313,2970,C1:22
319,3260,C13:12
261,3271,C13:23
367,3331,C16:8
307,3500,C23:2
273,3354,C17:6
363,3287,C14:14
288,3286,C14:13
240,3329,C16:6
355,3264,C13:16
315,3450,C21:2
258,2937,C0:14
295,3174,C10:1
281,3174,C10:1
394,3376,C18:3
277,3535,C24:12
398,3286,C14:13
296,3265,C13:17
397,3095,C6:22
250,2995,C2:22
335,3271,C13:23
280,3120,C7:22
392,3174,C10:1
217,3265,C13:17
213,3246,C12:23
291,3307,C15:9
390,3269,C13:21
238,3070,C5:22
220,3307,C15:9
296,3240,C12:17
309,3329,C16:6
383,3251,C13:3
312,2963,C1:15
218,3389,C18:16
276,3241,C12:18
275,3353,C17:5
268,3126,C8:3
336,3284,C14:11
328,3459,C21:11
391,3286,C14:13
253,3271,C13:23
292,3174,C10:1
216,3246,C12:23
336,3259,C13:11
212,3249,C13:1
343,3375,C18:2
331,3329,C16:6
394,3401,C19:3
229,3268,C13:20
365,3150,C9:2
396,3079,C6:6
254,3225,C12:2
309,3354,C17:6
390,3244,C12:21
205,3285,C14:12
317,3252,C13:4
305,3400,C19:2
235,3052,C5:4
295,3149,C9:1
358,3241,C12:18
310,3276,C14:3
247,3241,C12:18
221,3259,C13:11
220,3282,C14:9
313,2995,C2:22
293,3199,C11:1
246,3220,C11:22
237,3307,C15:9
291,3282,C14:9
314,3314,C15:16
387,3384,C18:11
281,3199,C11:1
395,3321,C15:23
331,3354,C17:6
319,3285,C14:12
244,3330,C16:7
221,3284,C14:11
303,3240,C12:17
299,3283,C14:10
266,3352,C17:4
280,3145,C8:22
222,3149,C9:1
250,3020,C3:22
348,3376,C18:3
397,3120,C7:22
376,3410,C19:12
260,3102,C7:4
246,3245,C12:22
205,3260,C13:12
292,3149,C9:1
392,3149,C9:1
399,3352,C17:4
384,3265,C13:17
266,3377,C18:4
297,3283,C14:10
254,3224,C12:1
388,3171,C9:23
317,3227,C12:4
344,3145,C8:22
307,3525,C24:2
283,3364,C17:16
303,3265,C13:17
384,3240,C12:17
208,3283,C14:10
310,3251,C13:3
304,3217,C11:19
399,3377,C18:4
352,3376,C18:3
204,3353,C17:5
237,3282,C14:9
342,3313,C15:15
213,3271,C13:23
386,3264,C13:16
348,3401,C19:3
312,2988,C2:15
253,3296,C14:23
343,3350,C17:2
362,3199,C11:1
289,3151,C9:3
313,3020,C3:22
281,3224,C12:1
242,3286,C14:13
212,3250,C13:2
345,3265,C13:17
211,3151,C9:3
230,3205,C11:7
366,3245,C12:22
360,3219,C11:21
264,3250,C13:2
252,2983,C2:10
376,3435,C20:12
396,3054,C5:6
342,3338,C16:15
280,3170,C9:22
351,2944,C0:21
289,3126,C8:3
270,3352,C17:4
359,3346,C16:23
345,3240,C12:17
250,3045,C4:22
388,3196,C10:23
335,3296,C14:23
265,3242,C12:19
352,3401,C19:3
315,3425,C20:2
397,3145,C8:22
349,3283,C14:10
233,3267,C13:19
262,3315,C15:17
214,3171,C9:23
202,3339,C16:16
270,3377,C18:4
206,3127,C8:4
211,3126,C8:3
273,3353,C17:5
265,3217,C11:19
258,2938,C0:15
240,3330,C16:7
373,2937,C0:14
306,3241,C12:18
274,2937,C0:14
307,3526,C24:3
334,3196,C10:23
301,3288,C14:15
338,3263,C13:15
280,3171,C9:23
304,3242,C12:19
360,3194,C10:21
329,3440,C20:17
248,3265,C13:17
355,3265,C13:17
351,2945,C0:22
366,3220,C11:22
208,3258,C13:10
305,3375,C18:2
321,3128,C8:5
238,3071,C5:23
281,3249,C13:1
313,3045,C4:22
377,2944,C0:21
338,3288,C14:15
394,3400,C19:2
233,3292,C14:19
343,3325,C16:2
355,3240,C12:17
216,3221,C11:23
296,3241,C12:18
253,3321,C15:23
364,3352,C17:4
363,3288,C14:15
246,3244,C12:21
213,3296,C14:23
295,3150,C9:2
250,3070,C5:22
275,3352,C17:4
395,3346,C16:23
222,3174,C10:1
340,3127,C8:4
397,3170,C9:22
365,3151,C9:3
294,3240,C12:17
281,3250,C13:2
262,3290,C14:17
246,3269,C13:21
371,3150,C9:2
361,3440,C20:17
298,3242,C12:19
346,3470,C21:22
312,3013,C3:15
367,3330,C16:7
224,3312,C15:14
353,3529,C24:6
329,3415,C19:17
292,3150,C9:2
364,3377,C18:4
344,3120,C7:22
324,3377,C18:4
275,3377,C18:4
300,3286,C14:13
321,3103,C7:5
288,3285,C14:12
276,3240,C12:17
248,3240,C12:17
377,2945,C0:22
365,3126,C8:3
258,2963,C1:15
318,3283,C14:10
314,3339,C16:16
326,2944,C0:21
323,3416,C19:18
357,3336,C16:13
336,3260,C13:12
280,3196,C10:23
325,3312,C15:14
398,3312,C15:14
260,3077,C6:4
298,3217,C11:19
288,3260,C13:12
378,3376,C18:3
276,3265,C13:17
397,3171,C9:23
293,3224,C12:1
351,2970,C1:22
346,3495,C22:22
336,3285,C14:12
313,3070,C5:22
225,3260,C13:12
394,3425,C20:2
266,3376,C18:3
220,3283,C14:10
294,3265,C13:17
398,3287,C14:14
357,3361,C17:13
325,3287,C14:14
224,3287,C14:14
337,3245,C12:22
215,3127,C8:4
348,3400,C19:2
381,3257,C13:9
299,3284,C14:11
247,3242,C12:19
324,3352,C17:4
226,3195,C10:22
257,3149,C9:1
343,3300,C15:2
250,3095,C6:22
299,3259,C13:11
360,3169,C9:21
388,3170,C9:22
281,3275,C14:2
335,3321,C15:23
225,3285,C14:12
253,3346,C16:23
291,3283,C14:10
252,3008,C3:10
247,3217,C11:19
326,2945,C0:22
384,3241,C12:18
392,3150,C9:2
352,3400,C19:2
280,3221,C11:23
212,3275,C14:2
315,3400,C19:2
361,3415,C19:17
266,3401,C19:3
377,2970,C1:22
327,3285,C14:12
213,3321,C15:23
226,3170,C9:22
218,3414,C19:16
378,3401,C19:3
309,3353,C17:5
388,3195,C10:22
381,3232,C12:9
340,3102,C7:4
386,3263,C13:15
258,2988,C2:15
391,3312,C15:14
305,3350,C17:2
274,2938,C0:15
331,3353,C17:5
382,3219,C11:21
221,3283,C14:10
344,3095,C6:22
270,3376,C18:3
312,3038,C4:15
345,3241,C12:18
313,3095,C6:22
244,3329,C16:6
397,3196,C10:23
358,3242,C12:19
351,2995,C2:22
235,3051,C5:3
394,3450,C21:2
203,3352,C17:4
386,3288,C14:15
379,2944,C0:21
337,3220,C11:22
273,3352,C17:4
240,3331,C16:8
391,3287,C14:14
283,3389,C18:16
281,3300,C15:2
390,3245,C12:22
360,3168,C9:20
289,3127,C8:4
348,3375,C18:2
349,3284,C14:11
327,3260,C13:12
250,3120,C7:22
265,3218,C11:20
244,3354,C17:6
273,3377,C18:4
382,3194,C10:21
223,3150,C9:2
217,3264,C13:16
240,3306,C15:8
251,3535,C24:12
358,3217,C11:19
343,3275,C14:2
246,3268,C13:20
362,3174,C10:1
349,3259,C13:11
270,3401,C19:3
352,3425,C20:2
366,3221,C11:23
238,3097,C6:24
330,3066,C5:18
203,3377,C18:4
399,3376,C18:3
375,3234,C12:11
363,3313,C15:15
216,3196,C10:23
253,3371,C17:23
241,3127,C8:4
377,2995,C2:22
249,3065,C5:17
204,3352,C17:4
271,2944,C0:21
301,3263,C13:15
326,2970,C1:22
274,2963,C1:15
296,3242,C12:19
379,2945,C0:22
373,2938,C0:15
306,3242,C12:19
355,3241,C12:18
342,3337,C16:14
397,3221,C11:23
372,3290,C14:17
313,3120,C7:22
280,3220,C11:22
206,3128,C8:5
296,3217,C11:19
204,3377,C18:4
390,3220,C11:22
213,3346,C16:23
351,3020,C3:22
310,3252,C13:4
287,2923,C0:0
394,3475,C22:2
281,3325,C16:2
292,3151,C9:3
295,3151,C9:3
306,3217,C11:19
333,3231,C12:8
258,3013,C3:15
219,3252,C13:4
201,2944,C0:21
208,3257,C13:9
260,3052,C5:4
365,3127,C8:4
275,3376,C18:3
338,3287,C14:14
334,3221,C11:23
314,3364,C17:16
257,3174,C10:1
264,3225,C12:2
271,2945,C0:22
250,3145,C8:22
335,3346,C16:23
312,3063,C5:15
206,3103,C7:5
399,3401,C19:3
292,3126,C8:3
295,3126,C8:3
370,3194,C10:21
280,3245,C12:22
348,3350,C17:2
222,3199,C11:1
372,3315,C15:17
347,3310,C15:12
352,3450,C21:2
237,3283,C14:10
208,3232,C12:9
343,3250,C13:2
338,3312,C15:14
377,3020,C3:22
259,3314,C15:16
310,3227,C12:4
383,3252,C13:4
305,3325,C16:2
340,3077,C6:4
315,3375,C18:2
360,3143,C8:20
274,2988,C2:15
275,3401,C19:3
253,3396,C18:23
363,3314,C15:16
367,3329,C16:6
293,3249,C13:1
317,3228,C12:5
201,2945,C0:22
243,3240,C12:17
266,3400,C19:2
276,3264,C13:16
336,3286,C14:13
313,3145,C8:22
226,3196,C10:23
366,3196,C10:23
379,2970,C1:22
212,3300,C15:2
281,3350,C17:2
326,2995,C2:22
347,3335,C16:12
396,3055,C5:7
394,3500,C23:2
299,3260,C13:12
272,3526,C24:3
311,3005,C3:7
202,3364,C17:16
367,3354,C17:6
351,3045,C4:22
214,3170,C9:22
373,2963,C1:15
220,3284,C14:11
303,3264,C13:16
242,3312,C15:14
300,3285,C14:12
251,3510,C23:12
370,3219,C11:21
271,2970,C1:22
288,3259,C13:11
250,3170,C9:22
220,3259,C13:11
344,3070,C5:22
398,3288,C14:15
299,3285,C14:12
384,3242,C12:19
246,3267,C13:19
254,3099,C7:1
287,2948,C1:0
397,3220,C11:22
258,3038,C4:15
288,3284,C14:11
213,3371,C17:23
300,3260,C13:12
352,3475,C22:2
243,3265,C13:17
246,3292,C14:19
348,3325,C16:2
317,3203,C11:5
383,3227,C12:4
364,3376,C18:3
345,3242,C12:19
384,3217,C11:19
301,3238,C12:15
398,3263,C13:15
396,3030,C4:7
242,3287,C14:14
247,3218,C11:20
270,3400,C19:2
343,3225,C12:2
362,3149,C9:1
377,3045,C4:22
376,3409,C19:11
240,3307,C15:9
226,3171,C9:23
298,3218,C11:20
273,3376,C18:3
345,3217,C11:19
250,3171,C9:23
266,3425,C20:2
291,3284,C14:11
260,3051,C5:3
211,3127,C8:4
397,3245,C12:22
281,3375,C18:2
387,3383,C18:10
241,3102,C7:4
386,3287,C14:14
313,3170,C9:22
201,2970,C1:22
291,3259,C13:11
297,3282,C14:9
274,3013,C3:15
325,3288,C14:15
363,3339,C16:16
253,3421,C19:23
265,3219,C11:21
219,3227,C12:4
357,3360,C17:12
272,3501,C23:3
216,3171,C9:23
394,3525,C24:2
350,3040,C4:17
386,3312,C15:14
379,2995,C2:22
205,3259,C13:11
240,3282,C14:9
351,3070,C5:22
289,3128,C8:5
349,3260,C13:12
326,3020,C3:22
360,3118,C7:20
265,3194,C10:21
335,3371,C17:23
293,3250,C13:2
273,3401,C19:3
343,3224,C12:1
392,3151,C9:3
337,3221,C11:23
378,3400,C19:2
349,3285,C14:12
364,3401,C19:3
313,3171,C9:23
231,3249,C13:1
254,3074,C6:1
352,3500,C23:2
205,3284,C14:11
289,3103,C7:5
309,3352,C17:4
221,3282,C14:9
355,3242,C12:19
270,3425,C20:2
280,3244,C12:21
258,3063,C5:15
305,3300,C15:2
296,3218,C11:20
331,3352,C17:4
283,3414,C19:16
348,3300,C15:2
377,3070,C5:22
392,3126,C8:3
272,3500,C23:2
395,3345,C16:22
340,3052,C5:4
373,2988,C2:15
365,3128,C8:5
366,3171,C9:23
234,2933,C0:10
281,3400,C19:2
394,3526,C24:3
280,3269,C13:21
355,3217,C11:19
218,3439,C20:16
385,2944,C0:21
264,3224,C12:1
314,3389,C18:16
309,3377,C18:4
336,3287,C14:14
336,3312,C15:14
213,3396,C18:23
250,3196,C10:23
339,3040,C4:17
266,3450,C21:2
292,3127,C8:4
315,3350,C17:2
400,2937,C0:14
359,3345,C16:22
391,3288,C14:15
353,3530,C24:7
365,3103,C7:5
312,3062,C5:14
331,3377,C18:4
388,3194,C10:21
297,3307,C15:9
251,3485,C22:12
239,3084,C6:11
244,3353,C17:5
390,3221,C11:23
201,2995,C2:22
356,2937,C0:14
344,3045,C4:22
274,3038,C4:15
376,3434,C20:11
221,3307,C15:9
346,3494,C22:21
275,3400,C19:2
287,2973,C2:0
249,3040,C4:17
217,3263,C13:15
363,3364,C17:16
295,3127,C8:4
351,3095,C6:22
206,3104,C7:6
306,3218,C11:20
399,3400,C19:2
379,3020,C3:22
358,3218,C11:20
212,3325,C16:2
257,3199,C11:1
286,2944,C0:21
216,3170,C9:22
246,3291,C14:18
343,3199,C11:1
388,3219,C11:21
353,3505,C23:7
352,3525,C24:2
217,3288,C14:15
313,3196,C10:23
342,3336,C16:13
368,3251,C13:3
326,3045,C4:22
222,3224,C12:1
225,3286,C14:13
270,3450,C21:2
254,3049,C5:1
281,3425,C20:2
366,3170,C9:22
272,3475,C22:2
377,3095,C6:22
239,3059,C5:11
321,3104,C7:6
348,3275,C14:2
204,3376,C18:3
342,3361,C17:13
385,2945,C0:22
250,3221,C11:23
276,3263,C13:15
214,3145,C8:22
208,3231,C12:8
266,3475,C22:2
312,3087,C6:14
253,3447,C20:24
338,3286,C14:13
230,3230,C12:7
340,3051,C5:3
352,3526,C24:3
276,3288,C14:15
206,3079,C6:6
275,3425,C20:2
397,3244,C12:21
299,3286,C14:13
382,3195,C10:22
274,3063,C5:15
201,3020,C3:22
260,3026,C4:3
213,3421,C19:23
233,3291,C14:18
337,3196,C10:23
330,3091,C6:18
220,3260,C13:12
273,3400,C19:2
335,3396,C18:23
286,2945,C0:22
351,3120,C7:22
384,3218,C11:20
363,3389,C18:16
397,3269,C13:21
345,3218,C11:20
373,3013,C3:15
400,2938,C0:15
367,3353,C17:5
313,3221,C11:23
281,3450,C21:2
305,3275,C14:2
220,3285,C14:12
381,3231,C12:8
336,3311,C15:13
379,3045,C4:22
296,3219,C11:21
270,3475,C22:2
204,3401,C19:3
343,3174,C10:1
240,3283,C14:10
272,3450,C21:2
382,3170,C9:22
377,3120,C7:22
254,3024,C4:1
235,3026,C4:3
312,3112,C7:14
247,3219,C11:21
395,3370,C17:22
326,3070,C5:22
301,3213,C11:15
398,3264,C13:16
250,3246,C12:23
236,3084,C6:11
375,3235,C12:12
399,3375,C18:2
226,3145,C8:22
348,3250,C13:2
390,3246,C12:23
325,3313,C15:15
203,3376,C18:3
258,3062,C5:14
288,3283,C14:10
251,3460,C21:12
310,3228,C12:5
265,3195,C10:22
344,3020,C3:22
224,3288,C14:15
296,3194,C10:21
266,3500,C23:2
386,3311,C15:13
300,3259,C13:11
206,3054,C5:6
289,3104,C7:6
280,3268,C13:20
247,3194,C10:21
360,3068,C5:20
329,3416,C19:18
271,3070,C5:22
315,3325,C16:2
287,2998,C3:0
241,3077,C6:4
400,2963,C1:15
234,2958,C1:10
365,3104,C7:6
300,3284,C14:11
268,3127,C8:4
294,3264,C13:16
308,2931,C0:8
293,3275,C14:2
349,3286,C14:13
275,3450,C21:2
237,3284,C14:11
291,3260,C13:12
366,3145,C8:22
273,3375,C18:2
217,3313,C15:15
201,3045,C4:22
281,3475,C22:2
246,3290,C14:17
360,3093,C6:20
314,3414,C19:16
313,3246,C12:23
351,3145,C8:22
256,2944,C0:21
237,3259,C13:11
292,3128,C8:5
355,3218,C11:20
291,3285,C14:12
215,3126,C8:3
324,3353,C17:5
385,2970,C1:22
310,3203,C11:5
359,3370,C17:22
246,3315,C15:17
363,3414,C19:16
270,3500,C23:2
321,3079,C6:6
272,3425,C20:2
253,3446,C20:23
356,2938,C0:15
379,3070,C5:22
377,3145,C8:22
292,3103,C7:5
212,3350,C17:2
301,3188,C10:15
298,3219,C11:21
343,3149,C9:1
236,3059,C5:11
286,2970,C1:22
258,3087,C6:14
365,3079,C6:6
354,2926,C0:3
202,3389,C18:16
289,3079,C6:6
216,3145,C8:22
250,3271,C13:23
391,3313,C15:15
282,2944,C0:21
400,2988,C2:15
254,2999,C3:1
253,3471,C21:23
256,2945,C0:22
261,3246,C12:23
348,3225,C12:2
295,3128,C8:5
266,3525,C24:2
340,3026,C4:3
279,3284,C14:11
296,3169,C9:21
357,3359,C17:11
232,3194,C10:21
203,3401,C19:3
326,3095,C6:22
298,3194,C10:21
283,3439,C20:16
373,3038,C4:15
364,3400,C19:2
215,3151,C9:3
281,3500,C23:2
248,3241,C12:18
335,3421,C19:23
295,3103,C7:5
274,3062,C5:14
242,3288,C14:15
273,3350,C17:2
378,3399,C19:1
275,3475,C22:2
305,3250,C13:2
334,3220,C11:22
313,3271,C13:23
399,3350,C17:2
357,3384,C18:11
365,3054,C5:6
252,3009,C3:11
213,3447,C20:24
368,3276,C14:3
306,3219,C11:21
325,3314,C15:16
351,3170,C9:22
258,3112,C7:14
372,3314,C15:16
257,3224,C12:1
392,3127,C8:4
284,2944,C0:21
201,3070,C5:22
227,3111,C7:13
350,3065,C5:17
337,3171,C9:23
289,3054,C5:6
270,3525,C24:2
309,3376,C18:3
282,2945,C0:22
303,3263,C13:15
331,3376,C18:3
308,2956,C1:8
272,3400,C19:2
260,3001,C3:3
396,3031,C4:8
221,3306,C15:8
214,3120,C7:22
208,3255,C13:7
378,3424,C20:1
266,3526,C24:3
348,3224,C12:1
296,3168,C9:20
222,3249,C13:1
400,3013,C3:15
377,3170,C9:22
390,3271,C13:23
317,3204,C11:6
306,3194,C10:21
363,3439,C20:16
344,2995,C2:22
250,3296,C14:23
356,2963,C1:15
397,3268,C13:20
251,3435,C20:12
244,3352,C17:4
318,3284,C14:11
263,2937,C0:14
256,2970,C1:22
382,3196,C10:23
343,3124,C8:1
379,3095,C6:22
226,3120,C7:22
221,3331,C16:8
279,3259,C13:11
264,3199,C11:1
366,3120,C7:22
269,2937,C0:14
351,3171,C9:23
345,3219,C11:21
277,3536,C24:13
211,3128,C8:5
303,3288,C14:15
274,3087,C6:14
276,3287,C14:14
384,3219,C11:21
281,3525,C24:2
232,3219,C11:21
240,3284,C14:11
265,3196,C10:23
304,3241,C12:18
338,3285,C14:12
270,3526,C24:3
244,3377,C18:4
284,2945,C0:22
299,3312,C15:14
315,3300,C15:2
396,3006,C3:8
286,2995,C2:22
318,3259,C13:11
240,3259,C13:11
385,2995,C2:22
377,3171,C9:23
345,3194,C10:21
280,3267,C13:19
358,3219,C11:21
217,3314,C15:16
391,3314,C15:16
326,3120,C7:22
273,3325,C16:2
313,3296,C14:23
309,3401,C19:3
384,3194,C10:21
276,3312,C15:14
338,3260,C13:12
331,3401,C19:3
321,3054,C5:6
234,2983,C2:10
342,3360,C17:12
275,3500,C23:2
336,3310,C15:12
299,3287,C14:14
355,3219,C11:21
246,3314,C15:16
311,2980,C2:7
400,3038,C4:15
280,3292,C14:19
271,3071,C5:23
220,3286,C14:13
211,3103,C7:5
347,3334,C16:11
223,3151,C9:3
383,3228,C12:5
272,3375,C18:2
201,3095,C6:22
229,3269,C13:21
204,3400,C19:2
281,3526,C24:3
358,3194,C10:21
382,3171,C9:23
208,3230,C12:7
337,3170,C9:22
274,3112,C7:14
271,3096,C6:23
373,3063,C5:15
296,3143,C8:20
336,3335,C16:12
250,3321,C15:23
256,2995,C2:22
388,3218,C11:20
348,3199,C11:1
282,2970,C1:22
367,3352,C17:4
386,3310,C15:12
292,3104,C7:6
376,3460,C21:12
399,3325,C16:2
325,3339,C16:16
355,3194,C10:21
314,3439,C20:16
308,2981,C2:8
398,3265,C13:17
340,3001,C3:3
343,3099,C7:1
293,3300,C15:2
356,2988,C2:15
327,3259,C13:11
367,3377,C18:4
386,3335,C16:12
379,3120,C7:22
212,3375,C18:2
389,3111,C7:13
351,3196,C10:23
247,3195,C10:22
334,3245,C12:22
277,3511,C23:13
216,3120,C7:22
305,3225,C12:2
206,3055,C5:7
265,3221,C11:23
362,3150,C9:2
400,3063,C5:15
366,3095,C6:22
349,3312,C15:14
241,3052,C5:4
398,3240,C12:17
288,3282,C14:9
377,3196,C10:23
313,3321,C15:23
346,3493,C22:20
284,2970,C1:22
273,3300,C15:2
223,3126,C8:3
207,3528,C24:5
226,3095,C6:22
243,3264,C13:16
213,3446,C20:23
383,3203,C11:5
251,3434,C20:11
327,3284,C14:11
275,3525,C24:2
387,3382,C18:9
354,2925,C0:2
349,3287,C14:14
390,3296,C14:23
292,3079,C6:6
312,3111,C7:13
272,3350,C17:2
326,3145,C8:22
344,2970,C1:22
206,3030,C4:7
316,2926,C0:3
256,3020,C3:22
286,3020,C3:22
214,3095,C6:22
213,3471,C21:23
295,3104,C7:6
269,2938,C0:15
250,3346,C16:23
201,3120,C7:22
296,3118,C7:20
391,3339,C16:16
378,3423,C20:0
365,3055,C5:7
346,3518,C23:20
229,3244,C12:21
300,3283,C14:10
291,3286,C14:13
253,3470,C21:22
234,3008,C3:10
288,3307,C15:9
353,3506,C23:8
348,3174,C10:1
385,3020,C3:22
363,3440,C20:17
260,2976,C2:3
355,3169,C9:21
282,2995,C2:22
365,3030,C4:7
351,3221,C11:23
360,3092,C6:19
380,3346,C16:23
381,3255,C13:7
225,3312,C15:14
253,3495,C22:22
340,2976,C2:3
343,3074,C6:1
208,3205,C11:7
370,3169,C9:21
387,3407,C19:9
263,2938,C0:15
217,3339,C16:16
204,3375,C18:2
275,3526,C24:3
292,3054,C5:6
397,3267,C13:19
363,3415,C19:17
224,3263,C13:15
313,3346,C16:23
297,3306,C15:8
379,3145,C8:22
289,3055,C5:7
265,3246,C12:23
377,3221,C11:23
273,3275,C14:2
305,3224,C12:1
271,3097,C6:24
271,3072,C5:24
205,3283,C14:10
315,3275,C14:2
262,3291,C14:18
325,3364,C17:16
246,3313,C15:15
295,3079,C6:6
399,3300,C15:2
308,2982,C2:9
335,3447,C20:24
269,2963,C1:15
356,3013,C3:15
397,3292,C14:19
220,3312,C15:14
220,3287,C14:14
284,2995,C2:22
256,3045,C4:22
225,3287,C14:14
272,3325,C16:2
246,3338,C16:15
257,3249,C13:1
289,3030,C4:7
348,3149,C9:1
240,3260,C13:12
355,3168,C9:20
250,3371,C17:23
400,3062,C5:14
280,3291,C14:18
258,3111,C7:13
337,3145,C8:22
310,3204,C11:6
297,3331,C16:8
323,3441,C20:18
326,3170,C9:22
240,3285,C14:12
217,3364,C17:16
242,3313,C15:15
306,3195,C10:22
345,3195,C10:22
201,3145,C8:22
254,2923,C0:0
216,3095,C6:22
255,2944,C0:21
298,3195,C10:22
237,3260,C13:12
395,3369,C17:21
384,3195,C10:22
345,3170,C9:22
295,3054,C5:6
286,3045,C4:22
263,2963,C1:15
306,3170,C9:22
267,3526,C24:3
364,3399,C19:1
391,3364,C17:16
264,3174,C10:1
392,3128,C8:5
301,3189,C10:16
269,2988,C2:15
282,3020,C3:22
313,3371,C17:23
343,3049,C5:1
251,3409,C19:11
400,3087,C6:14
299,3288,C14:15
377,3246,C12:23
369,3167,C9:19
357,3383,C18:10
273,3250,C13:2
237,3285,C14:12
384,3170,C9:22
390,3321,C15:23
202,3414,C19:16
265,3271,C13:23
366,3070,C5:22
256,3070,C5:22
308,3007,C3:9
218,3440,C20:17
314,3464,C21:16
241,3051,C5:3
344,2945,C0:22
212,3400,C19:2
338,3259,C13:11
364,3424,C20:1
272,3300,C15:2
395,3394,C18:21
276,3286,C14:13
221,3330,C16:7
244,3402,C19:4
392,3103,C7:5
316,2925,C0:2
338,3284,C14:11
385,3045,C4:22
284,3020,C3:22
336,3334,C16:11
230,3255,C13:7
254,2948,C1:0
351,3220,C11:22
247,3196,C10:23
250,3396,C18:23
296,3068,C5:20
274,3111,C7:13
204,3350,C17:2
382,3145,C8:22
400,3112,C7:14
294,3288,C14:15
373,3062,C5:14
355,3143,C8:20
331,3400,C19:2
309,3400,C19:2
293,3325,C16:2
356,3038,C4:15
302,2926,C0:3
371,3149,C9:1
381,3230,C12:7
325,3389,C18:16
361,3416,C19:18
271,3121,C7:23
333,3232,C12:9
386,3334,C16:11
399,3275,C14:2
319,3286,C14:13
296,3093,C6:20
226,3070,C5:22
291,3287,C14:14
291,3312,C15:14
201,3170,C9:22
342,3359,C17:11
203,3400,C19:2
375,3236,C12:13
255,2945,C0:22
379,3171,C9:23
267,3501,C23:3
351,3245,C12:22
269,3013,C3:15
257,3250,C13:2
220,3311,C15:13
305,3199,C11:1
313,3396,C18:23
271,3122,C7:24
263,2988,C2:15
377,3271,C13:23
345,3196,C10:23
256,3095,C6:22
349,3288,C14:15
273,3225,C12:2
354,2924,C0:1
367,3376,C18:3
342,3384,C18:11
343,3024,C4:1
260,2951,C1:3
233,3290,C14:17
398,3241,C12:18
315,3250,C13:2
282,3045,C4:22
370,3168,C9:20
265,3296,C14:23
246,3337,C16:14
272,3275,C14:2
365,3031,C4:8
286,3070,C5:22
379,3196,C10:23
358,3195,C10:22
306,3196,C10:23
292,3055,C5:7
384,3196,C10:23
201,3171,C9:23
224,3238,C12:15
250,3421,C19:23
267,3500,C23:2
391,3389,C18:16
345,3171,C9:23
307,3528,C24:5
254,2973,C2:0
242,3314,C15:16
365,3006,C3:8
284,3045,C4:22
348,3150,C9:2
221,3305,C15:7
397,3291,C14:18
355,3118,C7:20
292,3030,C4:7
373,3087,C6:14
346,3517,C23:19
273,3224,C12:1
333,3257,C13:9
337,3120,C7:22
206,3031,C4:8
326,3171,C9:23
247,3221,C11:23
211,3104,C7:6
233,3315,C15:17
280,3290,C14:17
253,3494,C22:21
367,3401,C19:3
213,3470,C21:22
388,3217,C11:19
251,3384,C18:11
269,3038,C4:15
359,3369,C17:21
384,3171,C9:23
366,3045,C4:22
396,3007,C3:9
244,3427,C20:4
356,3063,C5:15
306,3171,C9:23
288,3306,C15:8
271,3147,C8:24
320,2937,C0:14
313,3421,C19:23
390,3346,C16:23
280,3315,C15:17
335,3446,C20:23
256,3120,C7:22
322,2944,C0:21
204,3325,C16:2
312,3110,C7:12
377,3296,C14:23
363,3416,C19:18
231,3250,C13:2
240,3286,C14:13
278,3534,C24:11
385,3070,C5:22
300,3282,C14:9
325,3414,C19:16
206,3006,C3:8
213,3495,C22:22
317,3205,C11:7
299,3313,C15:15
372,3313,C15:15
399,3250,C13:2
303,3287,C14:14
288,3331,C16:8
388,3242,C12:19
271,3172,C9:24
272,3250,C13:2
343,2999,C3:1
394,3528,C24:5
289,3031,C4:8
378,3449,C21:1
263,3013,C3:15
329,3417,C19:19
265,3321,C15:23
283,3440,C20:17
267,3475,C22:2
335,3471,C21:23
316,2924,C0:1
359,3394,C18:21
364,3423,C20:0
282,3070,C5:22
382,3120,C7:22
324,3354,C17:6
295,3055,C5:7
208,3204,C11:6
201,3196,C10:23
360,3091,C6:18
376,3459,C21:11
373,3112,C7:14
212,3425,C20:2
289,3006,C3:8
400,3111,C7:13
308,3006,C3:8
291,3311,C15:13
255,2970,C1:22
379,3170,C9:22
336,3359,C17:11
254,2998,C3:0
269,3063,C5:15
207,3529,C24:6
303,3312,C15:14
302,2925,C0:2
273,3199,C11:1
355,3093,C6:20
300,3307,C15:9
226,3045,C4:22
221,3280,C14:7
372,3338,C16:15
284,3070,C5:22
258,3110,C7:12
286,3095,C6:22
322,2945,C0:22
216,3070,C5:22
294,3263,C13:15
396,2982,C2:9
295,3030,C4:7
386,3359,C17:11
391,3414,C19:16
305,3174,C10:1
256,3145,C8:22
312,3085,C6:12
379,3195,C10:22
353,3482,C22:9
298,3196,C10:23
247,3246,C12:23
250,3447,C20:24
251,3359,C17:11
329,3392,C18:19
377,3321,C15:23
308,3031,C4:8
381,3205,C11:7
340,2977,C2:4
211,3079,C6:6
345,3145,C8:22
215,3150,C9:2
222,3300,C15:2
246,3336,C16:13
324,3329,C16:6
349,3313,C15:15
272,3225,C12:2
352,3528,C24:5
296,3092,C6:19
276,3285,C14:12
267,3450,C21:2
337,3095,C6:22
299,3314,C15:16
242,3339,C16:16
293,3350,C17:2
351,3244,C12:21
315,3225,C12:2
246,3361,C17:13
244,3452,C21:4
274,3110,C7:12
265,3346,C16:23
241,3026,C4:3
276,3260,C13:12
313,3447,C20:24
360,3066,C5:18
366,3020,C3:22
260,2926,C0:3
309,3399,C19:1
243,3288,C14:15
204,3300,C15:2
263,3038,C4:15
258,3085,C6:12
384,3145,C8:22
328,3458,C21:10
392,3104,C7:6
351,3269,C13:21
325,3439,C20:16
311,2955,C1:7
354,2923,C0:0
338,3283,C14:10
326,3172,C9:24
217,3363,C17:15
240,3287,C14:14
240,3312,C15:14
399,3225,C12:2
271,3171,C9:23
314,3465,C21:17
282,3095,C6:22
201,3221,C11:23
227,3136,C8:13
273,3174,C10:1
234,3009,C3:11
235,3027,C4:4
390,3371,C17:23
256,3170,C9:22
385,3095,C6:22
347,3333,C16:10
272,3224,C12:1
336,3384,C18:11
355,3068,C5:20
321,3055,C5:7
306,3145,C8:22
284,3095,C6:22
386,3384,C18:11
382,3095,C6:22
220,3310,C15:12
365,3007,C3:9
320,2938,C0:15
357,3382,C18:9
326,3147,C8:24
322,2970,C1:22
377,3346,C16:23
397,3290,C14:17
274,3085,C6:12
292,3031,C4:8
345,3120,C7:22
316,2923,C0:0
267,3425,C20:2
220,3335,C16:12
280,3314,C15:16
247,3271,C13:23
383,3204,C11:6
331,3399,C19:1
397,3315,C15:17
286,3120,C7:22
256,3171,C9:23
212,3450,C21:2
310,3205,C11:7
269,3062,C5:14
391,3439,C20:16
348,3151,C9:3
349,3314,C15:16
347,3358,C17:10
354,2948,C1:0
356,3062,C5:14
250,3446,C20:23
357,3407,C19:9
299,3339,C16:16
398,3242,C12:19
211,3054,C5:6
206,3007,C3:9
317,3230,C12:7
225,3288,C14:15
367,3400,C19:2
292,3006,C3:8
365,2982,C2:9
285,2937,C0:14
265,3371,C17:23
255,2995,C2:22
392,3079,C6:6
248,3242,C12:19
331,3424,C20:1
358,3196,C10:23
222,3275,C14:2
250,3471,C21:23
348,3126,C8:3
399,3224,C12:1
321,3030,C4:7
315,3224,C12:1
338,3258,C13:10
214,3045,C4:22
342,3383,C18:10
398,3217,C11:19
253,3493,C22:20
400,3110,C7:12
384,3120,C7:22
301,3190,C10:17
263,3063,C5:15
273,3149,C9:1
226,3020,C3:22
394,3529,C24:6
316,2948,C1:0
202,3439,C20:16
237,3286,C14:13
272,3199,C11:1
305,3149,C9:1
299,3364,C17:16
201,3246,C12:23
204,3275,C14:2
302,2924,C0:1
313,3446,C20:23
320,2963,C1:15
269,3087,C6:14
244,3477,C22:4
336,3409,C19:11
282,3120,C7:22
355,3043,C4:20
253,3518,C23:20
318,3234,C12:11
345,3095,C6:22
386,3409,C19:11
377,3371,C17:23
203,3399,C19:1
235,3002,C3:4
325,3464,C21:16
240,3311,C15:13
313,3471,C21:23
370,3143,C8:20
284,3120,C7:22
363,3417,C19:19
242,3364,C17:16
221,3279,C14:6
306,3120,C7:22
216,3045,C4:22
301,3165,C9:17
267,3400,C19:2
366,2995,C2:22
346,3467,C21:19
326,3122,C7:24
400,3085,C6:12
256,3196,C10:23
246,3360,C17:12
328,3483,C22:10
356,3087,C6:14
287,3124,C8:1
378,3450,C21:2
322,2995,C2:22
248,3217,C11:19
271,3170,C9:22
268,3128,C8:5
307,3529,C24:6
363,3392,C18:19
206,2982,C2:9
349,3339,C16:16
269,3112,C7:14
353,3507,C23:9
354,2973,C2:0
289,3007,C3:9
252,3010,C3:12
213,3494,C22:21
221,3304,C15:6
387,3406,C19:8
392,3054,C5:6
247,3296,C14:23
316,2973,C2:0
385,3120,C7:22
389,3136,C8:13
384,3095,C6:22
294,3238,C12:15
395,3393,C18:20
314,3490,C22:17
346,3492,C22:19
295,3031,C4:8
265,3396,C18:23
288,3330,C16:7
390,3396,C18:23
326,3121,C7:23
352,3529,C24:6
355,3018,C3:20
281,3528,C24:5
249,3015,C3:17
286,3145,C8:22
273,3124,C8:1
243,3263,C13:15
272,3174,C10:1
205,3282,C14:9
233,3314,C15:16
367,3375,C18:2
379,3194,C10:21
208,3203,C11:5
296,3091,C6:18
320,2988,C2:15
201,3271,C13:23
295,3006,C3:8
291,3310,C15:12
289,2982,C2:9
317,3255,C13:7
360,3065,C5:17
337,3070,C5:22
356,3112,C7:14
377,3396,C18:23
297,3330,C16:7
379,3219,C11:21
399,3199,C11:1
336,3434,C20:11
267,3375,C18:2
306,3095,C6:22
256,3221,C11:23
362,3151,C9:3
300,3306,C15:8
386,3434,C20:11
351,3268,C13:20
293,3375,C18:2
310,3230,C12:7
358,3221,C11:23
282,3145,C8:22
291,3335,C16:12
284,3145,C8:22
226,2995,C2:22
285,2938,C0:15
271,3145,C8:22
266,3528,C24:5
343,2923,C0:0
364,3449,C21:1
208,3228,C12:5
255,3020,C3:22
268,3103,C7:5
223,3127,C8:4
316,2998,C3:0
345,3070,C5:22
371,3124,C8:1
276,3259,C13:11
309,3374,C18:1
272,3149,C9:1
270,3528,C24:5
300,3331,C16:8
244,3502,C23:4
349,3364,C17:16
382,3070,C5:22
280,3313,C15:15
388,3241,C12:18
296,3066,C5:18
276,3284,C14:11
218,3415,C19:17
322,3020,C3:22
308,3030,C4:7
354,2998,C3:0
305,3124,C8:1
241,3001,C3:3
397,3314,C15:16
280,3338,C16:15
265,3421,C19:23
253,3517,C23:19
273,3099,C7:1
206,2981,C2:8
298,3246,C12:23
315,3199,C11:1
302,2923,C0:0
247,3321,C15:23
288,3305,C15:7
360,3040,C4:17
366,2970,C1:22
312,3084,C6:11
378,3475,C22:2
292,3007,C3:9
316,2999,C3:1
205,3307,C15:9
387,3431,C20:8
242,3389,C18:16
278,3535,C24:12
250,3470,C21:22
263,3062,C5:14
308,3055,C5:7
256,3246,C12:23
373,3111,C7:13
298,3221,C11:23
384,3070,C5:22
232,3169,C9:21
258,3084,C6:11
320,3013,C3:15
377,3421,C19:23
267,3350,C17:2
201,3296,C14:23
325,3465,C21:17
312,3059,C5:11
285,2963,C1:15
391,3440,C20:17
343,2948,C1:0
386,3435,C20:12
367,3350,C17:2
334,3244,C12:21
299,3363,C17:15
327,3283,C14:10
287,3149,C9:1
258,3059,C5:11
264,3175,C10:2
304,3240,C12:17
246,3359,C17:11
250,3495,C22:22
335,3470,C21:22
375,3262,C13:14
375,3237,C12:14
362,3126,C8:3
394,3530,C24:7
274,3084,C6:11
365,2983,C2:10
207,3530,C24:7
220,3334,C16:11
385,3145,C8:22
399,3174,C10:1
271,3120,C7:22
348,3127,C8:4
302,2948,C1:0
354,2999,C3:1
246,3384,C18:11
204,3274,C14:1
274,3059,C5:11
368,3277,C14:4
292,2982,C2:9
214,3020,C3:22
282,3170,C9:22
284,3170,C9:22
400,3084,C6:11
345,3045,C4:22
230,3280,C14:7
313,3470,C21:22
390,3421,C19:23
394,3505,C23:7
310,3255,C13:7
249,2990,C2:17
240,3310,C15:12
398,3218,C11:20
400,3059,C5:11
216,3020,C3:22
222,3250,C13:2
349,3389,C18:16
239,3083,C6:10
251,3360,C17:12
335,3495,C22:22
225,3263,C13:15
313,3495,C22:22
207,3505,C23:7
338,3257,C13:9
316,3024,C4:1
283,3415,C19:17
386,3460,C21:12
240,3335,C16:12
273,3074,C6:1
358,3246,C12:23
269,3111,C7:13
306,3070,C5:22
204,3299,C15:1
263,3087,C6:14
295,3007,C3:9
322,3045,C4:22
281,3529,C24:6
365,3008,C3:10
265,3446,C20:23
326,3097,C6:24
326,3072,C5:24
256,3271,C13:23
288,3280,C14:7
211,3055,C5:7
211,3030,C4:7
374,2937,C0:14
314,3515,C23:17
285,2988,C2:15
340,2978,C2:5
338,3232,C12:9
286,3171,C9:23
267,3325,C16:2
360,3015,C3:17
219,3228,C12:5
271,3095,C6:22
206,2956,C1:8
247,3346,C16:23
303,3311,C15:13
284,3171,C9:23
334,3269,C13:21
355,2992,C2:19
262,3292,C14:19
352,3530,C24:7
384,3045,C4:22
380,3371,C17:23
224,3239,C12:16
320,3038,C4:15
325,3490,C22:17
304,3265,C13:17
201,3321,C15:23
302,2973,C2:0
337,3045,C4:22
213,3519,C23:21
343,2973,C2:0
255,3045,C4:22
264,3150,C9:2
217,3362,C17:14
331,3423,C20:0
294,3213,C11:15
342,3382,C18:9
357,3406,C19:8
355,3017,C3:19
352,3505,C23:7
209,3544,C24:21
272,3150,C9:2
245,2931,C0:8
341,2933,C0:10
228,2958,C1:10
359,3393,C18:20
340,2953,C1:5
396,2983,C2:10
354,3024,C4:1
363,3393,C18:20
243,3238,C12:15
315,3174,C10:1
265,3447,C20:24
382,3045,C4:22
301,3166,C9:18
378,3500,C23:2
316,3049,C5:1
263,3112,C7:14
367,3325,C16:2
345,3020,C3:22
305,3099,C7:1
286,3196,C10:23
228,2933,C0:10
366,2945,C0:22
342,3407,C19:9
377,3447,C20:24
349,3414,C19:16
372,3337,C16:14
398,3193,C10:20
217,3387,C18:14
253,3543,C24:20
351,3267,C13:19
242,3414,C19:16
273,3049,C5:1
224,3214,C11:16
256,3296,C14:23
289,2983,C2:10
266,3529,C24:6
270,3529,C24:6
278,3510,C23:12
267,3300,C15:2
370,3118,C7:20
385,3170,C9:22
285,3013,C3:15
280,3337,C16:14
379,3218,C11:20
336,3460,C21:12
351,3292,C14:19
254,3124,C8:1
287,3174,C10:1
246,3383,C18:10
302,2998,C3:0
332,2937,C0:14
257,3300,C15:2
306,3045,C4:22
392,3055,C5:7
322,3070,C5:22
221,3303,C15:5
357,3431,C20:8
320,3063,C5:15
203,3374,C18:1
307,3530,C24:7
397,3339,C16:16
381,3204,C11:6
384,3020,C3:22
336,3435,C20:12
316,3074,C6:1
275,3528,C24:5
284,3196,C10:23
201,3346,C16:23
247,3371,C17:23
386,3459,C21:11
272,3125,C8:2
202,3464,C21:16
343,2998,C3:0
391,3415,C19:17
206,2931,C0:8
358,3271,C13:23
296,3040,C4:17
257,3275,C14:2
364,3450,C21:2
221,3328,C16:5
225,3238,C12:15
293,3400,C19:2
392,3030,C4:7
325,3515,C23:17
282,3171,C9:23
354,3049,C5:1
276,3283,C14:10
291,3334,C16:11
345,2995,C2:22
220,3359,C17:11
307,3505,C23:7
250,3494,C22:21
245,2956,C1:8
378,3525,C24:2
208,3227,C12:4
341,2958,C1:10
215,3149,C9:1
296,3065,C5:17
302,2999,C3:1
246,3408,C19:10
396,3008,C3:10
356,3111,C7:13
256,3321,C15:23
267,3275,C14:2
301,3141,C8:18
349,3439,C20:16
234,3010,C3:12
295,2981,C2:8
244,3503,C23:5
237,3312,C15:14
289,2958,C1:10
400,3083,C6:10
260,2925,C0:2
299,3362,C17:14
367,3300,C15:2
385,3171,C9:23
216,2995,C2:22
399,3175,C10:2
241,2976,C2:3
285,3038,C4:15
311,2930,C0:7
394,3506,C23:8
281,3530,C24:7
365,3009,C3:11
314,3540,C24:17
313,3494,C22:21
255,3070,C5:22
300,3330,C16:7
348,3128,C8:5
232,3168,C9:20
208,3252,C13:4
316,3099,C7:1
377,3446,C20:23
269,3110,C7:12
214,2995,C2:22
326,3096,C6:23
244,3478,C22:5
299,3387,C18:14
254,3149,C9:1
397,3364,C17:16
295,2956,C1:8
281,3505,C23:7
309,3373,C18:0
277,3512,C23:14
237,3287,C14:14
288,3279,C14:6
292,2983,C2:10
240,3334,C16:11
286,3170,C9:22
317,3231,C12:8
271,3045,C4:22
377,3471,C21:23
399,3150,C9:2
337,3020,C3:22
284,3221,C11:23
379,3193,C10:20
348,3103,C7:5
306,3020,C3:22
322,3095,C6:22
384,2995,C2:22
308,3054,C5:6
321,3005,C3:7
324,3330,C16:7
326,3071,C5:23
272,3100,C7:2
226,3019,C3:21
305,3074,C6:1
382,3020,C3:22
302,3024,C4:1
351,3291,C14:18
253,3542,C24:19
218,3390,C18:17
288,3304,C15:6
276,3258,C13:10
329,3393,C18:20
286,3195,C10:22
242,3439,C20:16
222,3225,C12:2
229,3245,C12:22
374,2938,C0:15
256,3346,C16:23
388,3265,C13:17
274,3083,C6:10
217,3412,C19:14
345,2970,C1:22
354,3074,C6:1
269,3085,C6:12
362,3101,C7:3
298,3247,C12:24
258,3083,C6:10
297,3329,C16:6
341,2983,C2:10
325,3540,C24:17
220,3384,C18:11
352,3506,C23:8
391,3390,C18:17
346,3491,C22:18
319,3287,C14:14
278,3485,C22:12
349,3464,C21:16
292,3008,C3:10
285,3063,C5:15
353,3508,C23:10
347,3357,C17:9
245,2981,C2:8
287,3199,C11:1
316,3124,C8:1
383,3205,C11:7
359,3418,C19:20
393,2937,C0:14
358,3296,C14:23
289,2933,C0:10
310,3231,C12:8
228,2934,C0:11
298,3222,C11:24
395,3392,C18:19
364,3475,C22:2
332,2938,C0:15
243,3213,C11:15
283,3390,C18:17
397,3389,C18:16
312,3083,C6:10
262,3317,C15:19
331,3448,C21:0
338,3231,C12:8
265,3497,C22:24
398,3167,C9:19
299,3412,C19:14
367,3275,C14:2
320,3062,C5:14
376,3458,C21:10
271,3020,C3:22
280,3336,C16:13
263,3111,C7:13
267,3274,C14:1
254,3174,C10:1
261,3247,C12:24
308,3079,C6:6
270,3530,C24:7
273,3024,C4:1
373,3110,C7:12
302,3049,C5:1
226,2994,C2:21
300,3305,C15:7
246,3433,C20:10
282,3172,C9:24
266,3530,C24:7
387,3430,C20:7
272,3075,C6:2
280,3361,C17:13
344,2943,C0:20
201,3371,C17:23
273,2999,C3:1
379,3168,C9:20
366,2944,C0:21
267,3299,C15:1
250,3519,C23:21
384,2970,C1:22
390,3422,C19:24
270,3505,C23:7
360,2990,C2:17
204,3298,C15:0
215,3174,C10:1
306,2995,C2:22
266,3505,C23:7
363,3418,C19:20
322,3120,C7:22
385,3196,C10:23
388,3240,C12:17
316,3149,C9:1
374,2963,C1:15
354,3099,C7:1
345,2945,C0:22
357,3430,C20:7
282,3147,C8:24
332,2963,C1:15
211,3029,C4:6
333,3258,C13:10
255,3095,C6:22
220,3409,C19:11
205,3281,C14:8
363,3443,C20:20
313,3519,C23:21
238,3072,C5:24
275,3529,C24:6
360,2965,C1:17
305,3049,C5:1
216,2970,C1:22
214,2970,C1:22
396,3009,C3:11
259,3315,C15:17
292,3009,C3:11
297,3354,C17:6
395,3367,C17:19
351,3317,C15:19
386,3458,C21:10
212,3426,C20:3
287,3224,C12:1
398,3143,C8:20
202,3465,C21:17
285,3062,C5:14
377,3496,C22:23
231,3275,C14:2
369,3143,C8:20
358,3321,C15:23
213,3520,C23:22
261,3222,C11:24
349,3465,C21:17
247,3372,C17:24
203,3373,C18:0
230,3281,C14:8
321,2980,C2:7
339,3064,C5:16
378,3524,C24:1
296,3064,C5:16
284,3220,C11:22
248,3218,C11:20
382,2995,C2:22
221,3327,C16:4
232,3143,C8:20
356,3110,C7:12
256,3345,C16:22
337,2995,C2:22
233,3340,C16:17
361,3417,C19:19
265,3472,C21:24
294,3212,C11:14
397,3414,C19:16
302,3074,C6:1
335,3494,C22:21
245,2982,C2:9
240,3333,C16:10
254,3199,C11:1
331,3473,C22:0
327,3282,C14:9
210,3528,C24:5
400,3082,C6:9
236,3083,C6:10
271,2995,C2:22
355,2991,C2:18
209,3545,C24:22
250,3544,C24:21
269,3084,C6:11
348,3104,C7:6
342,3406,C19:8
373,3085,C6:12
251,3336,C16:13
320,3087,C6:14
315,3175,C10:2
330,3092,C6:19
370,3093,C6:20
295,2982,C2:9
227,3135,C8:12
301,3140,C8:17
244,3479,C22:6
252,2985,C2:12
394,3482,C22:9
376,3483,C22:10
223,3103,C7:5
398,3168,C9:20
386,3483,C22:10
369,3168,C9:20
371,3099,C7:1
353,3533,C24:10
205,3256,C13:8
303,3310,C15:12
295,2957,C1:9
219,3253,C13:5
208,3251,C13:3
279,3260,C13:12
291,3359,C17:11
365,3010,C3:12
357,3455,C21:7
251,3361,C17:13
207,3506,C23:8
340,2954,C1:6
281,3506,C23:8
387,3455,C21:7
307,3506,C23:8
364,3500,C23:2
223,3128,C8:5
372,3362,C17:14
241,2951,C1:3
263,3136,C8:13
394,3507,C23:9
375,3238,C12:15
339,3039,C4:16
296,3039,C4:16
319,3312,C15:14
336,3436,C20:13
318,3235,C12:12